step,n
openalex_records,1310
scopus_records,1025
wos_records,710
duplicates_removed,1284
scopus_no_resolvable_doi,32
records_screened,1729
excluded_title_only,241
excluded_title_outcome,139
excluded_title_setting,87
excluded_title_technology,10
excluded_title_offtopic,4
excluded_title_type,1
sought_abstract_assessment,1488
abstract_not_retrievable,1
assessed_title_abstract,1487
excluded_abstract,1211
excluded_abstract_outcome,585
excluded_abstract_setting,316
excluded_abstract_technology,123
excluded_abstract_type,110
excluded_abstract_offtopic,77
included_first_pass,276
excluded_verification,29
excluded_not_scopus_indexed,53
included_final,194
double_coded_records,476
double_coded_agreement,447
double_coded_kappa,0.877
