id,metric,value,value_abstract,unit,computed,use_in_summary,ft_status,scenario,verbatim,context,ft_note,search
W4408287496,waste_loss_reduction_pct,50.0,50.0,%,0,1,confirmed,0,reduction of 40–60 % in waste disposal,achievable waste disposal reduction via 3D printing,"Full text gives a range 'around 40–60 % in waste disposal' citing Pant et al. 2023 and Yoha and Moses 2023 (secondary, not the review's own estimate); 50 is the coded midpoint, not a reported value.",main
W4408287496,throughput_productivity_increase_pct,30.0,30.0,%,0,1,confirmed,1,improve efficiency by up to 30 %,process efficiency from optimized printing parameters,"Source is a single lab study: 'Pradhan et al. (2024) optimized printing parameters for composite gluten-free dough and reported an increase in printing efficiency by up to 30 %' - printing efficiency in a lab setting, not plant throughput.",main
W4408287496,cost_reduction_pct,25.0,25.0,%,0,1,confirmed,1,25 % savings in waste management costs,waste management cost savings for food manufacturers,"Secondary upper-bound claim: 'Tonini et al., 2018, Jagadiswaran et al., 2021 claimed that food manufacturers adopting these solutions will have waste management cost savings of up to 25 %'.",main
W4386147995,other,94.0,94.0,%,0,0,,,service level of 94 %,service level achieved with integrated PPDs,,main
W4386147995,other,65.0,65.0,%,0,0,,,65 % utilization of the pasteurizer and aging vessel,pasteurizer and aging vessel utilization,,main
W4386147995,other,97.0,97.0,%,0,0,,,97 % utilization of the freezer,freezer utilization,,main
W4386147995,other,6.0,6.0,%,0,0,,,6 % reduction in backlog,backlog reduction with digital twin model,,main
W7110976642,other,435.5,435.5,EUR/kg,0,0,confirmed,0,€435.5 per kilogram,average minimum product selling price of bio-based vitrimers,"Mean MPSP of Monte Carlo draws (Table 2: min 170.50, median 392.90, mean 435.50, max 1742.40 EUR/kg).",main
W7110976642,cost_reduction_pct,60.0,60.0,%,0,1,confirmed,1,potential reductions of 60% in best-case scenarios,MPSP reduction in best-case scenario,"Best-case Monte Carlo draw relative to the mean (170.5 vs 435.5 EUR/kg, about -61%); not a central estimate of a cost reduction from an innovation.",main
W7110976642,other,400.0,400.0,%,0,0,confirmed,1,increases of up to 400% in worst-case conditions,MPSP increase in worst-case scenario,"Text says 'up to 400%' in the worst case; Table 2 max 1742.4 is 4.0 times the mean, i.e. an increase of about 300%.",main
W4400877729,profit_revenue_increase_pct,12.5,12.5,%,0,1,not_accessed,0,boost income by 10 to 15%,income increase from IoT dynamic scheduling,Full text not accessed.,main
W4400877729,profit_revenue_increase_pct,15.5,15.5,%,0,1,not_accessed,0,profit by 13 to 18%,profit increase from IoT dynamic scheduling,Full text not accessed.,main
W4400877729,throughput_productivity_increase_pct,13.0,13.0,%,0,1,not_accessed,0,job shop-level productivity by 13%,job shop-level productivity increase,Full text not accessed.,main
W7128805573,time_reduction_pct,24.4,24.4,%,0,1,confirmed,0,24.4% reduction in production time,production time reduction with hybrid digital twin,"Makespan 105.82 +/- 4.23 h (FIFO baseline) vs 80.05 +/- 2.87 h (HDTA), simulated.",main
W7128805573,energy_utility_reduction_pct,23.0,23.0,%,0,1,confirmed,0,23% energy savings,energy savings with hybrid digital twin,"Energy 4,350 vs 3,347 kWh/day (simulated, simplified constant-power energy model).",main
W7128805573,other,100.0,100.0,%,1,0,confirmed,0,complete elimination of quality time-window violations (0.0% vs. 13.3% baseline,quality time-window violations reduced from 13.3% to 0%,Quality violations 13.3 +/- 2.8% of batches vs 0.0% (simulated).,main
W7128805573,payback_years,0.12,0.2,years (converted from months),0,1,corrected,0,2.4-month return on investment,payback (return on investment) period,"Section 3.7.2 computes payback = CAPEX USD 14,126 / monthly savings USD 9,982 = ~1.41 months (0.12 yr); the abstract's 2.4 months is not explained in the body. Annual savings of USD 119,794 are modelled, not observed.",main
W4406282609,other,52.42,52.42,%,0,0,corrected,1,52.42% reduction in CO 2 emissions,CO2 emission reduction with bi-layered ANN forecasting,"Same number, but full text shows it is a computed potential saving of CO2 from overproduction (surplus) of on-site power generation if generation followed the ANN forecast, not a reduction of total plant CO2 emissions and not measured after implementation.",main
W4401029634,other,28.0,28.0,hours/year,0,0,not_accessed,0,annual gain of 28 hours,annual time gain from RPA automation,"Full text not accessed; cannot verify whether the 28 h/year gain is measured or estimated, nor whether the firm is in the food industry.",main
W3033908526,yield_recovery_increase_pct,10.7,10.7,%,0,1,confirmed,0,enhance the biomethane production by 10.7%,biomethane increase from CW/HH co-digestion,"Lab BMP of 70:30 CW:HH blend 10.7% above the value calculated from the individual substrates' BMPs (synergy vs weighted expectation, not vs mono-digestion in a plant).",main
W3033908526,other,3929.0,3929.0,EUR/ha,0,0,confirmed,1,net profits of up to 3929 €·ha−1,net profit from hemp hurds biomethane,'Up to' value for AD of hemp hurds alone at the favourable yield scenarios; profits range from negative (-162 EUR/ha at 2 t/ha) to positive at average/high yields; AD capital and operating costs excluded.,main
W3033908526,other,6124.0,6124.0,EUR/ha,0,0,confirmed,1,rise to 6124 €·ha−1,net profit with co-digestion with cheese whey,"Stated as the maximum of the range 1884-6124 EUR/ha for average/high biomass yields, for coAD 70% CW + 30% HH; AD capital and operating costs excluded.",main
W4402991319,throughput_productivity_increase_pct,31.2,31.2,%,0,1,confirmed,0,increased throughput by 31.2% in large-scale production,"throughput increase, robotic automation, large-scale production",Case A simulated throughput 3133 to 4110 units/h; actual implementation reported 4110 units.,main
W4402991319,throughput_productivity_increase_pct,12.0,12.0,%,0,1,confirmed,0,12.0% in order-based production,"throughput increase, robotic automation, order-based production",Case B simulated 648 to 726 units/h; actual implementation about 723 units/h.,main
W7128526990,other,35.0,35.0,%,0,0,,,35% lower carbon footprint,carbon footprint vs conventional pine pellets,,main
W7128526990,other,162.4,162.4,USD/t,0,0,,,production cost of 162.4 USD·t⁻¹,pellet production cost,,main
W4414723338,energy_utility_reduction_pct,62.0,62.0,%,0,1,confirmed,0,reduces steam consumption by 62%,steam consumption reduction with pre-heating start-up,"Table 3: cold start-up 269.54 kg steam vs pre-heating 102.17 kg (-62%); simulated, not measured in plant.",main
W4414723338,time_reduction_pct,63.0,63.0,%,0,1,confirmed,0,start-up time by 63%,start-up time reduction with pre-heating,Table 3: start-up 32 min vs 12 min (-63%); simulated.,main
W4405107066,throughput_productivity_increase_pct,83.7,83.7,%,0,1,confirmed,0,increased throughput by 83.7% in simpler processes,"throughput increase, robotic tray transport, simpler processes","Case A (tray supply): simulated throughput 221 to 406 trays/day with robot (worker need 3 to 1); simulation result, not observed.",main
W4405107066,throughput_productivity_increase_pct,27.1,27.1,%,0,1,confirmed,0,27.1% in more complex ones,"throughput increase, robotic tray transport, complex processes","Case B (positioning filled trays): simulated throughput 221 to 281 trays/day; simulation result, not observed.",main
W7134058637,irr_pct,2.0,2.0,%,0,1,confirmed,1,internal rate of return (IRR) of only 2%,IRR of cutin-only extraction model,Cutin-only scenario IRR 2.14% (abstract rounds to 2%); scenario value of modelled plant.,main
W7134058637,other,396.0,400.0,%,1,0,corrected,1,five times lower than the IRR achieved in our integrated model,integrated model IRR five times cutin-only IRR,"Integrated scenario IRR is 10.62% vs 2.14%: ratio about 4.96 ('five times'), i.e. about +396% (not exactly 400%).",main
W7134058637,payback_years,5.7,5.7,years,0,1,confirmed,1,from 9.56 to 5.7 years,payback of integrated approach (vs 9.56 years),Integrated scenario payback 5.7 years.,main
W7134058637,other,40.38,40.38,%,1,0,confirmed,1,from 9.56 to 5.7 years,"payback time reduction, integrated vs cutin-only","Text inconsistent: abstract says 9.56 years, another passage gives cutin-only payback 9.50 years (reduction would be 40.0%).",main
W7116952487,waste_loss_reduction_pct,15.0,15.0,%,0,1,confirmed,1,reduce food waste by ~15%,estimated food waste reduction across supply chain,"~15% waste reduction comes from a single simulated 'real-world scenario' of a mid-sized supply chain vs a no-AI baseline; simulation parameters and waste baseline are not reported, and the Prophet demand forecasts had MAPE > 200%.",main
W4361286242,other,-19.58,-19.58,%,0,0,confirmed,0,net margin of −19.58%,"net margin, biomethane recovery scenario","Net margin, biomethane recovery scenario.",main
W4361286242,irr_pct,-1.77,-1.77,%,0,1,confirmed,0,internal rate of return of −1.77%,"IRR, biomethane recovery scenario","IRR, biomethane recovery scenario.",main
W4361286242,other,33.03,33.03,%,0,0,confirmed,0,net margin of 33.03%,"net margin, combined heat and power scenario","Net margin, CHP scenario.",main
W4361286242,irr_pct,13.14,13.14,%,0,1,confirmed,0,internal rate of return of 13.14%,"IRR, combined heat and power scenario","IRR, CHP scenario (base case of that scenario).",main
W4361286242,payback_years,5.03,5.03,years,0,1,confirmed,0,payback of 5.03 years,"payback, combined heat and power scenario","Payback, CHP scenario.",main
W4411978829,cost_reduction_pct,90.0,90.0,%,0,1,confirmed,1,reduced medium costs by up to 90%,culture medium cost reduction with waste bread,"Stated as 'up to 90%' for 2% waste bread + 1/10 diluted LB; screening medium SWB was about 85% cheaper than LBS; based on reagent list prices, lab scale.",main
W4411978829,yield_recovery_increase_pct,1200.0,1400.0,%,1,1,corrected,0,enhanced 15-fold,amylase production increase via factorial design,"Abstract says 15-fold, but Results report 0.69 U/mL in unoptimised LBS vs 8.96 U/mL validated optimum, described as an improvement of about 13-fold (about +1200%).",main
W4411624902,energy_utility_reduction_pct,20.0,20.0,%,0,1,confirmed,0,electricity consumption by up to 20%,electricity reduction PEF vs HTST,Results: heat-assisted PEF reduces electrical consumption by an average of 20% vs HTST across configurations (abstract says 'up to').,main
W4411624902,energy_utility_reduction_pct,60.0,60.0,%,0,1,confirmed,0,fuel gas usage by over 60%,fuel gas reduction PEF vs HTST,Conclusions repeat 'fuel gas usage by over 60%'; Results wording ('less than 60% of that required for the HTST process') is ambiguous and could imply a ~40% reduction; could not resolve verbatim.,main
W4411624902,other,30.0,30.0,%,0,0,confirmed,0,greenhouse gas emissions by approximately 30%,GHG emission reduction PEF vs HTST,Conclusions: GHG emissions reduced by approximately 30%; Results wording ('less than 30% of those calculated') is ambiguous.,main
W4411624902,energy_utility_reduction_pct,25.0,25.0,%,0,1,confirmed,0,water consumption by 25%,water consumption reduction PEF vs HTST,"Conclusions: water consumption reduced by 25%; Results wording ('less than 25% of that associated with HTST') is ambiguous. Optimal config (35% WHR, 55 C): unit cost 3.5 vs 4.2 cents/L, EUR 110,000/yr savings, payback 5.6 years.",main
W3043874093,throughput_productivity_increase_pct,98.84,98.84,%,1,1,confirmed,1,increasing productivity from 5.18 g/L/h to 10.3 g/L/h,productivity increase CaptureSMB vs batch adsorption,"Results: optimised batch 5.18 g/L/h (RU 71%, yield 98%) vs optimised CaptureSMB 10.3 g/L/h (RU 72%, yield 97%); both are model-optimised maxima at simulated industrial scale.",main
W3043874093,other,92.0,92.0,%,0,0,confirmed,1,A 92% RU can be accomplished,resin capacity utilization with CaptureSMB,"Table 4 gives 92% resin utilisation for a CaptureSMB configuration at 7.2 g/L/h (abstract says 7.0 g/L/h); an alternative optimisation point, not simultaneous with maximum productivity.",main
W7127622360,other,65.0,65.0,%,0,0,confirmed,0,reduces the climate change impact by 65% and 48%,climate impact reduction vs commercial CO2,Climate change impact of Circular CO2 vs commercial CO2 scenario (LCA result).,main
W7127622360,other,48.0,48.0,%,0,0,confirmed,0,reduces the climate change impact by 65% and 48%,climate impact reduction vs H2SO4,Climate change impact of Circular CO2 vs H2SO4 scenario (LCA result).,main
W7127622360,other,78.0,78.0,%,0,0,confirmed,0,at least 78% lower than the worst-case scenario,environmental impact vs worst-case scenario,"'At least 78% lower than the worst-case scenario across nearly all impact categories' - lower bound vs worst case, not vs BAU.",main
W7127622360,cost_reduction_pct,40.0,40.0,%,0,1,confirmed,0,40% cost reduction compared to commercial CO 2,cost reduction of circular CCU vs commercial CO2,"Treatment cost 0.082 EUR/m3 (circular) vs 0.136 EUR/m3 (commercial CO2); vs H2SO4 BAU (0.076 EUR/m3) the circular option is about 8% more expensive (similar cost), so no saving vs the conventional acid baseline.",main
W4225158350,throughput_productivity_increase_pct,900.0,900.0,%,1,1,confirmed,0,"processed and froze 150 kg of fish per worker per day. Today, factories can process and freeze significantly beyond 1,500 kg per person per day","fish processed per worker per day, 1990s vs today","Full text: 150 kg of fish per worker per day in 1990s pelagic factories vs 'significantly beyond 1,500 kg' today (pelagic fish, processing and freezing); +900% is a lower bound and a historical comparison over decades, not an effect isolated to automation.",main
W4225158350,yield_recovery_increase_pct,33.33,33.33,%,1,1,confirmed,0,improved from around 60% to 80%,fish yield and utilization in automated factories,Full text: yield and utilisation 'estimated to have improved from around 60% to 80% in the past decade' in the most automated fish factories (relative increase 33.3%; +20 percentage points); an approximate estimate for best-practice plants.,main
W7154593733,waste_loss_reduction_pct,7.4,7.4,%,0,1,not_accessed,0,reduce waste generation by 4.8–10%,waste reduction with sustainability-integrated inventory policies,Full text not accessed.,main
W7154593733,other,4.6,4.6,%,0,0,not_accessed,0,Environmental costs account for 4.6% of total operating expenses,environmental cost share of operating expenses,Full text not accessed.,main
W3111593252,other,0.89,0.89,EUR/A4 sheet,0,0,,,cost around 0.89 €/A4 sheet,estimated cost of antimicrobial coating,,main
W7140103510,waste_loss_reduction_pct,83.33,83.33,%,1,1,confirmed,0,adhesion (42%→7%),adhesion defects robotic vs manual frying,"Adhesion frequency 42% manual -> 7% robotic (lab trials, n=100 per condition).",main
W7140103510,waste_loss_reduction_pct,92.86,92.86,%,1,1,confirmed,0,fracture (28%→2%),fracture defects robotic vs manual frying,Fracture rate 28% manual -> 2% robotic (lab trials).,main
W7140103510,waste_loss_reduction_pct,100.0,100.0,%,1,1,confirmed,0,slippage (9%→0%),slippage robotic vs manual frying,Slippage loss 9% manual -> 0.0% robotic (lab trials).,main
W7140103510,throughput_productivity_increase_pct,215.0,215.0,%,1,1,confirmed,1,approximately 3.15 times higher throughput,dual-slot vs single-slot throughput,"3.15x is dual-slot vs single-slot robot (not vs manual); on a fry-time-limited basis the text gives 0.125 -> 0.182 sheets/s (+45%), so 3.15x depends on assumed cycle conditions.",main
W4415752625,other,1.0,1.0,USD/kg,0,0,,,low-cost (∼1 USD/kg),pig bone biochar production cost,,main
W4415752625,other,1.56,1.56,ratio,0,0,,,social return on investment (SROI = 1.56),social return on investment,,main
W7146947658,yield_recovery_increase_pct,12.0,12.0,%,0,1,confirmed,0,10%−14% increase in food resource recovery efficiency,food resource recovery efficiency increase,"10-14% higher recovery efficiency relative to baseline PSO/GA optimizers (Table 4: 91.3% vs 82.4% PSO, 85.2% GA), i.e. algorithm-vs-algorithm in simulation, not vs no technology.",main
W7146947658,cost_reduction_pct,8.0,8.0,%,0,1,confirmed,0,7%−9% cost reduction,cost reduction with AI reintegration framework,7-9% cost reduction relative to baseline optimizers; Table 4 reports cost reduction 22.7% (TG-RDPSO) vs 15.8% PSO and 18.1% GA.,main
W4378894806,profit_revenue_increase_pct,267.24,267.24,%,1,1,confirmed,0,"The profit for the biogas plant operating in Option I was estimated at PLN 628,360, and in Option II it was PLN 2,307,600",profit increase waste-fed vs maize silage biogas plant,"Derived from the two reported annual profits (2,307,600/628,360 - 1); Option II profit includes a PLN 922,500 slaughterhouse waste management (gate) fee, so the gain is largely driven by disposal fee revenue under assumed conditions.",main
W4378894806,other,628360.0,628360.0,PLN,0,0,confirmed,0,"PLN 628,360","profit, traditional maize silage biogas plant","Annual profit, Option I (maize silage + slurry), modelled 1 MW plant at 92% rated power under the auction price PLN 630/MWh.",main
W4378894806,other,2307600.0,2307600.0,PLN,0,0,confirmed,0,"PLN 2,307,600","profit, waste-fed biogas plant","Annual profit, Option II (slaughterhouse waste + slurry), includes waste management fee income of PLN 922,500.",main
W4415267829,profit_revenue_increase_pct,334.6,33.6,%,0,1,corrected,1,33.6% profit increase,profit increase vs decentralized decision-making,"33.6% = centralized/contract-coordinated profit 14,159,600 vs decentralized 10,597,000 yuan, both under the blockchain mode, i.e. a contract-coordination gain, not the blockchain vs traditional gain. Blockchain vs traditional modelled system profit is 243.84 -> 1059.7 (10,000 yuan), i.e. +334.6% (computed from Table 1 at e=0.9, mu=0.5); text misstates these as 2,438,400,000 and 10,597,700,000 yuan",main
W4415267829,other,14.16,14.16,million CNY,0,0,confirmed,1,14.16 million yuan,overall system profitability with blockchain,"Combined revenue-sharing + cost-apportionment contract (centralized) total system profit 14,159,600 yuan (Table 2: 1415.96 ten-thousand yuan); model output.",main
W4415267829,other,8.17,8.17,million CNY,0,0,confirmed,1,8.17 million yuan,blockchain application cost threshold,"Blockchain cost threshold 8,168,500 yuan; modelled, actual blockchain cost stated to be lower but not reported.",main
W4392799728,other,0.76,0.76,EUR/500 g,0,0,,,"€1.16, €0.82, €0.62, €0.41, and €0.36 for 500 g",consumer WTP premiums for blockchain/QR-labelled pasta attributes,,main
W4412092594,energy_utility_reduction_pct,18.0,18.0,%,0,1,not_accessed,0,18% reduction in energy consumption,energy reduction N-C-N vs IEM-only configuration,Full text not accessed; abstract compares N-C-N architecture with IEM-only configuration (modelled design comparison).,main
W4412092594,cost_reduction_pct,53.0,53.0,%,0,1,not_accessed,0,53% reduction in overall capital and operating costs,capital and operating cost reduction vs IEM redox-ED,Full text not accessed.,main
W7139093169,yield_recovery_increase_pct,64.82,64.82,%,1,1,confirmed,1,increased from 39.8% to a maximum of 65.6%,hydrocarbon yield increase corn stover/PP co-pyrolysis,"Full text: hydrocarbon yield increased from 39.8% (corn stover alone) to 65.6% (corn stover/PP co-pyrolysis) at 600 C in lab Py-GC/MS; 65.6% is the maximum (best blend/temperature), relative increase 64.8%.",main
W7139093169,other,1835.0,1835.0,RMB/day,0,0,not_found,1,net daily profit of 1835 RMB,"net daily profit, natural gas-assisted co-pyrolysis","1835 RMB/day not identifiable in the main body; Section 3.4 instead reports that Scenario C achieves a net daily profit increase of about 22,288 RMB over the economically non-viable baseline Scenario B (Scenario A about 11,684 RMB over B). Modelled scenario value.",main
W7139093169,other,6515.0,6515.0,t CO2/year,0,0,not_found,1,reducing annual CO2 emissions by 6515 tons,annual CO2 emission reduction,"6515 t CO2/year not identifiable in the main body; Section 3.4 reports that Scenario C reduces annual net CO2 emissions by about 155,478 t (processing 1200 t MSW/day), 4917 t more than Scenario B, so the abstract figure is inconsistent with the body.",main
W7154938093,energy_utility_reduction_pct,29.0,29.0,%,0,1,confirmed,0,29% decrease in energy consumption,energy consumption decrease post-implementation,"Full text: energy consumption decreased by 29% in the longitudinal assessment of n = 94 firms with fully integrated digital ecosystems; measurement source (self-report vs records) not stated, no control group.",main
W7154938093,waste_loss_reduction_pct,55.0,55.0,%,0,1,confirmed,0,55% reduction in cold-chain losses,cold-chain loss reduction post-implementation,"Full text: IoT real-time monitoring reduced cold-chain losses by 55% (p < 0.001), same n = 94 subgroup; measurement not described.",main
W4366828985,yield_recovery_increase_pct,33.0,33.0,%,0,1,confirmed,1,approximately 33% and 23% enhancements,polyphenol concentration increase MAE vs UAE,"Polyphenol concentration MAE vs UAE at optimised conditions (functional unit 16.6 mM TEAC), lab scale.",main
W4366828985,other,23.0,23.0,%,0,0,confirmed,1,approximately 33% and 23% enhancements,antioxidant activity increase MAE vs UAE,"Antioxidant activity MAE vs UAE at optimised conditions, lab scale.",main
W4366828985,time_reduction_pct,83.33,83.33,%,1,1,confirmed,1,reduce extraction duration (by a factor up to 6),extraction duration reduction MAE vs UAE,'by a factor up to 6' (about 20 min MAE vs 120 min UAE per WebFetch summary); maximum across compared conditions.,main
W4366828985,energy_utility_reduction_pct,72.22,72.22,%,1,1,confirmed,1,reducing the energy consumption (up to 3.6 fold),energy consumption reduction UAE vs MAE,"UAE uses up to 3.6-fold less energy than MAE (maximum across scenarios); favours UAE, i.e. opposite direction to MAE gains.",main
W4366828985,other,12.0,12.0,%,0,0,confirmed,1,up to 12% for climate change,climate change impact reduction UAE vs MAE,Up to 12% lower climate change impact for UAE vs MAE (maximum difference).,main
W4415566566,other,1.11,1.11,EUR/L,0,0,confirmed,0,unit production costs ranging from 1.09 €/L to 1.13 €/L,unit production cost of apple juice,"Coded value is the midpoint; Table 5 gives 1.09 EUR/L (on-site ethanol) and 1.13 EUR/L (purchased ethanol) per litre of apple juice, vs Spanish market price 1.5 EUR/L.",main
W4415566566,irr_pct,36.4,36.4,%,0,1,confirmed,0,36.4% and 6.7 years for the on-site ethanol production process,"IRR, on-site ethanol production","Table 5, reference case, ethanol produced on-site (investment 16.72 MEUR).",main
W4415566566,payback_years,6.7,6.7,years,0,1,confirmed,0,36.4% and 6.7 years for the on-site ethanol production process,"discounted payback, on-site ethanol production","Discounted payback period, Table 5, on-site ethanol.",main
W4415566566,irr_pct,37.8,37.8,%,0,1,confirmed,0,37.8% and 6.4 years for the process with purchased ethanol,"IRR, purchased ethanol","Table 5, reference case, purchased ethanol (investment 15.15 MEUR).",main
W4415566566,payback_years,6.4,6.4,years,0,1,confirmed,0,37.8% and 6.4 years for the process with purchased ethanol,"discounted payback, purchased ethanol","Discounted payback period, Table 5, purchased ethanol.",main
W4415722508,energy_utility_reduction_pct,13.5,13.5,%,0,1,confirmed,0,reduced fuel consumption by 12–15%,fuel consumption reduction from AI interventions,"'12-15%' appears only as a cross-case summary; agri-food case: route optimisation cut annual fleet distance by 12% (14,400 of 120,000 km, 4,032 L computed at 0.28 L/km); cold-chain diesel generator reliance cut 15-20%. Fuel savings are calculated, not metered.",main
W4415722508,other,1000.0,1000.0,tCO2/year,0,0,confirmed,1,annual avoided emissions between 500 and 1500 tCO2,annual avoided emissions from AI interventions,"500-1500 tCO2/yr is the aggregate across agri-food, textile and the Port of Rades (port alone 670-1000 tCO2/yr); the agri-food fleet case yields only about 10.8 tCO2/yr, and exporter-wide 200-300 tCO2/yr is a scaling projection.",main
W4407293890,other,5.0,5.0,ratio,0,0,,,electricity cost needs to be less than 5 times higher than the biofuel cost,electricity/biofuel cost ratio threshold for heat recovery viability,,main
W4417449301,waste_loss_reduction_pct,34.2,34.2,%,0,1,confirmed,0,reduces waste by 34.2%,waste reduction with Bi-GRU/HMSR framework,Model-estimated waste reduction for Bi-GRU/HMSR versus baseline models in simulation on FAOSTAT data with synthetic disruptions; not an observed plant outcome.,main
W4417449301,other,28.7,28.7,%,0,0,confirmed,0,maximizes profit margins at 28.7%,profit margin achieved by framework,"Profit margin level (28.7%) achieved by the model in simulation, not an increase.",main
W7140205267,other,227.82,227.82,USD/ha,0,0,confirmed,0,$227.82/ha from methane recovery,revenue from methane recovery,"Value repeated in Conclusions, but there it is described as 'circular economy benefits' of composting and anaerobic digestion combined, not methane recovery alone; no derivation found in body text (separately, body gives compost carbon credits of about $291.85/ha).",main
W7140205267,other,631.77,50707.35,USD/ha,0,0,corrected,0,"$50,707.35/ha from farmyard manure production",revenue from farmyard manure production,"Body reports FYM revenue 'averaging $631.77 per hectare per year' over six years; Conclusions give '₹53,052.82/ha FYM revenue' (Indian rupees). The abstract's $50,707.35/ha appears to be a rupee figure mislabelled as USD; use 631.77 USD/ha/yr.",main
W7140205267,roi_pct,785.23,785.23,%,0,1,confirmed,0,return on investment of 785.23%,ROI of community-based waste valorisation,"ROI from six-year projection (current year plus five forecast years) of community-based biogas and composting; modelled, not observed.",main
W7140205267,payback_years,0.708,0.708,years (converted from months),0,1,confirmed,0,payback period of 8.5 months,payback of community-based waste valorisation,"Body states payback of 8.55 months (abstract rounds to 8.5); NPV $8,770.83/ha and IRR 209% also reported.",main
W7125515485,cost_reduction_pct,7.4,7.4,%,0,1,confirmed,0,comparative cost advantage of 7.4% over glucose,whey-based vs glucose-based L-threonine production cost,"7.4% lower total production cost of whey-based vs glucose-based L-threonine; modelled pilot-scale estimate (10,000-L batch, ~33.8 t/yr) following Konzock and Nielsen cost methodology, not observed plant data.",main
W7125515485,other,20.55,20.55,USD/kg,0,0,confirmed,0,20.55 USD/kg vs. 22.20 USD/kg,whey-based L-threonine production cost at pilot scale,Total production cost 20.55 USD/kg (whey) vs 22.20 USD/kg (glucose) at pilot scale; both exceed industrial market prices of 1.31-1.66 USD/kg.,main
W7131803230,energy_utility_reduction_pct,36.5,36.5,%,0,1,confirmed,0,by 30% (43%),bakery oven energy reduction nightshift (dayshift),"Full text: optimised schedules could reduce bakery oven energy by 30% (nightshift) and 43% (dayshift); 36.5 is the coder's mean of the two, modelled potential, not realised savings.",main
W7131803230,time_reduction_pct,49.0,49.0,%,0,1,confirmed,0,total runtime by 43% (55%),bakery oven runtime reduction nightshift (dayshift),Full text: total oven runtime reduced by 43% (nightshift) and 55% (dayshift); 49 is the coder's mean; modelled.,main
W7131803230,cost_reduction_pct,7.0,7.0,%,0,0,confirmed,1,cost savings of up to 7%,rolling mill cost savings via price-aligned scheduling,"steel-industry case within the study, not food Steel rolling mill, not food: cost savings range 5.7-7.2% by optimisation horizon (max for one-week horizon); 7% is the upper value; 2021-2040 price scenarios give 3.7-6.3%.",main
W7131803230,other,40.0,40.0,%,0,0,confirmed,1,nearly 40% of original energy consumption,weekly load-shifting potential,"steel-industry case within the study, not food Rolling mill (steel) weekly load-shifting potential 'nearly 40%' of energy consumption in favourable periods; best-case value.",main
W4313361031,other,19.0,19.0,kg,0,0,confirmed,0,total reduction of 19 kg of food waste within 17 weeks,food waste reduced in 17-week pilot,"Full text: rescue-shelf effectiveness 18.8 kg over 17 weeks (4 Oct 2021-31 Jan 2022), rounded to 19 kg.",main
W4313361031,other,0.56,0.56,EUR/product,0,0,confirmed,0,net revenue of sold upcycled products between EUR 0.42 and 0.70,net revenue per upcycled product,"Full text gives a range of EUR 0.42-0.70 net revenue per sold product (after subtracting substitute product losses); 0.56 is the midpoint, not a reported value.",main
W7125640562,waste_loss_reduction_pct,35.0,35.0,%,0,1,not_accessed,0,spoilage was reduced by more than 35%,food supply chain spoilage reduction,full text not accessed,main
W7125640562,other,7.0,7.0,%,0,0,not_accessed,0,service levels improved by over 7%,food supply chain service level improvement,full text not accessed,main
W7125640562,cost_reduction_pct,9.0,9.0,%,0,1,not_accessed,0,total costs declined by nearly 9%,food supply chain total cost reduction,full text not accessed,main
W7125640562,waste_loss_reduction_pct,60.0,60.0,%,0,1,not_accessed,0,spoilage was reduced by over 60%,pharmaceutical cold chain spoilage reduction,full text not accessed,main
W7125640562,time_reduction_pct,37.0,37.0,%,0,1,not_accessed,0,recovery from disruptions was 37% faster,pharmaceutical cold chain disruption recovery,full text not accessed,main
W7125640562,cost_reduction_pct,12.0,12.0,%,0,1,not_accessed,0,costs reduced by about 12%,pharmaceutical cold chain cost reduction,full text not accessed,main
W7134163875,roi_pct,40.0,40.0,%,0,1,not_accessed,0,return on investment values exceeding 40%,ROI of chitin oligomer biorefinery,,main
W7134163875,other,20.0,20.0,million USD,0,0,not_accessed,0,Net Present Values approaching US$20 million,NPV of chitin oligomer biorefinery,,main
W7151864794,other,1.5,1.5,kWh/kg H2O,0,0,not_accessed,0,∼1–2 kWh·kg<sup>−1</sup> H<sub>2</sub>O removed,specific energy consumption of advanced dryers,Full text not accessed; abstract gives a range of ~1-2 kWh/kg H2O.,main
W7151864794,energy_utility_reduction_pct,40.0,40.0,%,0,1,not_accessed,0,roughly 30–50% reductions relative to conventional hot-air baselines,energy reduction vs hot-air drying,Full text not accessed; abstract gives a range of roughly 30-50% 'in many cases'.,main
W7151864794,time_reduction_pct,70.0,70.0,%,0,1,not_accessed,1,shortening drying times by up to ∼70%,drying time reduction,Full text not accessed; abstract says 'up to ~70%' for suitable product geometries and loadings (upper bound).,main
W7151864794,other,0.5,0.5,kg CO2-eq/kg,0,0,not_accessed,1,∼0.4–0.6 kg CO<sub>2</sub>-eq·kg<sup>−1</sup> dried product,drying-stage carbon intensity with low-carbon energy,"Full text not accessed; range 0.4-0.6 conditional on low-carbon electricity, waste heat recovery or solar assistance.",main
W7151864794,payback_years,5.0,5.0,years,0,1,not_accessed,0,payback periods below ∼5 years,payback of heat-pump and mixed dryers,Full text not accessed; abstract says payback below ~5 years under moderate-to-high utilization and prevailing industrial energy prices.,main
W7168258437,other,3.64,3.64,g CO2-eq/MJ,0,0,not_accessed,0,3.64 g CO₂-eq·MJ⁻¹,global warming impact of optimized pellet,Full text not accessed.,main
W7168258437,irr_pct,25.0,25.0,%,0,1,not_accessed,0,internal rates of return above 25%,IRR of hybrid pellet production,Full text not accessed.,main
W7168258437,payback_years,4.0,4.0,years,0,1,not_accessed,0,payback periods below 4 years,payback of hybrid pellet production,Full text not accessed.,main
W4408815942,waste_loss_reduction_pct,60.0,60.0,%,0,1,not_accessed,0,reducing waste volume by 60 %,waste volume reduction via anaerobic digestion,,main
W4408815942,other,5.0,5.0,MW,0,0,not_accessed,0,up to 5 MW of renewable energy,renewable energy generated by anaerobic digestion,,main
W4408815942,roi_pct,13.5,13.5,%,0,1,not_accessed,0,return on investment (ROI) of 12–15 %,ROI of medium-scale anaerobic digestion,,main
W4408815942,payback_years,6.0,6.0,years,0,1,not_accessed,0,payback period of 5–7 years,payback of medium-scale anaerobic digestion,,main
W4408815942,other,0.8,0.8,kg CO2eq/kg food waste,0,0,not_accessed,0,0.8 kg CO<sub>2eq</sub> per kg of food waste,GHG reduction vs landfilling,,main
W2519629066,other,66.53,66.53,USD/kg,0,0,,,in the range of 122–11.06 $/kg,minimum selling price of antioxidant extract by capacity,,main
W3138895040,other,4.62,4.62,kg CO2 eq/kg,0,0,not_accessed,0,4.62 kg CO<sub>2</sub> eq,life cycle climate impact per kg lactic acid,full text not accessed,main
W3138895040,other,2.9,2.9,USD/kg,0,0,not_accessed,0,product cost of LA was USD 2.9/kg,lactic acid product cost,full text not accessed,main
W3138895040,payback_years,6.0,6.0,years,0,1,not_accessed,0,payback time of 6 years,payback at selling price USD 3.21/kg,full text not accessed,main
W3138895040,other,1.42,1.42,USD/kg,0,0,not_accessed,1,product cost to USD 1.42/kg,potential lactic acid product cost after improvements,full text not accessed,main
W3138895040,other,2.29,2.29,kg CO2 eq/kg,0,0,not_accessed,1,2.29 kg CO<sub>2</sub> eq,potential climate impact after improvements,full text not accessed,main
W4389396899,cost_reduction_pct,80.0,80.0,%,0,1,not_accessed,0,emission costs are reduced by 80%,farmer and processor emission cost reduction,Full text not accessed.,main
W4389396899,cost_reduction_pct,95.0,95.0,%,0,1,not_accessed,0,reduced by more than 95%,fish waste and plastic waste minimization cost reduction,Full text not accessed.,main
W4388751973,yield_recovery_increase_pct,94.61,94.61,%,1,1,not_accessed,0,higher methane yield from the FW slurry fraction (572.88 mL/gVS<sub>FW</sub>) compared to the whole FW (294.37 mL/gVS<sub>FW</sub>),methane yield slurry fraction vs whole food waste,full text not accessed,main
W4388751973,energy_utility_reduction_pct,73.68,73.68,%,1,1,not_accessed,0,stand-alone Py and ADCo-INC needed 3.8 and 2.8 times more energy than ADCo-Py,ADCo-Py energy need vs stand-alone pyrolysis,full text not accessed,main
W4388751973,energy_utility_reduction_pct,64.29,64.29,%,1,1,not_accessed,0,stand-alone Py and ADCo-INC needed 3.8 and 2.8 times more energy than ADCo-Py,ADCo-Py energy need vs AD with incineration,full text not accessed,main
W4388751973,other,15.0,15.0,million USD,0,0,not_accessed,0,net present value (NPV) of $15 million,NPV of ADCo-Py,full text not accessed,main
W4388751973,irr_pct,34.0,34.0,%,0,1,not_accessed,0,internal rate of return (IRR) of 34 %,IRR of ADCo-Py,full text not accessed,main
W4361278261,other,3141867.6,3141867.6,USD/year,0,0,not_accessed,0,US$ 3141867.6 year<sup>−1</sup> of net profit,after-tax annual net profit of food waste biorefinery,Full text not accessible; conclusion snippet repeats US$ 3141867.6/yr annual profitability.,main
W4361278261,payback_years,3.5,3.5,years,0,1,not_accessed,0,payback period (PBP) was 3.5 years,payback at 7% discount rate,Full text not accessible.,main
W4361278261,irr_pct,45.54,45.54,%,0,1,not_accessed,0,45.54% and 43.88%,IRR of food waste biorefinery,Full text not accessible.,main
W4361278261,roi_pct,43.88,43.88,%,0,1,not_accessed,0,45.54% and 43.88%,ROI of food waste biorefinery,Full text not accessible.,main
W2768608143,roi_pct,83.0,83.0,%,0,1,confirmed,0,accounting rate of return of 83%,"accounting rate of return, mango seed starch","Accounting rate of return = net profit / total investment = 3,900,064 / 4,682,860 = 83.28%; projected, not observed. Net profit figure is much larger than the stated annual net profit range (97,615-178,255), so the basis (cumulative vs annual) is unclear.",main
W2768608143,other,78.0,78.0,%,0,0,confirmed,0,break-even analysis of 78%,"break-even point, mango seed starch","Break-even point = fixed cost / (sales - annual production cost) x 100 = 78.39%; a break-even ratio, not an efficiency gain.",main
W2768608143,payback_years,2.0,2.0,years,0,1,confirmed,0,payback period of 2 years,payback of mango seed starch production,Projected from income statement projections: initial investment recovered within 2 years.,main
W2948904885,other,20.0,20.0,%,0,0,not_accessed,0,reduced by 2–38%,environmental impact reduction in winemaking with PEF,Full text not accessed; abstract gives a range 2-38% across impact categories (20 is a midpoint).,main
W2948904885,yield_recovery_increase_pct,5.0,5.0,%,0,1,not_accessed,0,average improvement of 5% in the olive extraction yield,olive oil extraction yield improvement with PEF,Full text not accessed.,main
W2948904885,other,5.0,5.0,%,0,0,not_accessed,0,reduced the environmental impact indicators approximately 5%,olive oil environmental impact reduction,Full text not accessed.,main
W7165865011,throughput_productivity_increase_pct,28.0,25.0,%,0,0,corrected,0,OEE improvements of 20–30%,OEE improvement in industrial projects,"Excluded from the summary after the coding check: conceptual framework, values projected or taken from other projects. Abstract range 20-30% (coded midpoint 25); full text reports average OEE improvement of 28% (68% to 87%) across the 28 projects.",main
W7165865011,energy_utility_reduction_pct,20.0,22.5,%,0,0,corrected,0,energy reductions of 20–25%,energy reduction in industrial projects,"Excluded from the summary after the coding check: conceptual framework, values projected or taken from other projects. Abstract range 20-25% (coded midpoint 22.5); observed average in Table 3 is 20% (240 to 192 kWh/ton); 20-25% is the ISO 50001 target used in the projection.",main
W7165865011,other,8.4,8.4,billion USD/year,0,0,confirmed,1,$8.4 billion per year,projected cost savings at 10% of US facilities,"Projected (not observed) annual U.S. benefit at 10% SME adoption (2,880 facilities): energy 2.1 + safety liability 3.6 + maintenance 1.1 + OEE 1.6 billion USD; scaling assumption, includes non-cost safety stream.",main
W2980240952,other,3381000.0,3381000.0,USD,0,0,,,"net present value of $3,381,000","NPV, stand-alone whey process",,main
W2980240952,other,16354000.0,16354000.0,USD,0,0,,,"$16,354,000 for the stand-alone and attached processes","NPV, process attached to cheese plant",,main
W2980240952,other,322338477.0,322338477.0,kg water/year,0,0,,,"reuse 322,338,477 kg water/year",water recovered from waste streams,,main
W3207397981,other,3.1,3.1,%,0,0,,,decreases up to 3.1%,GWP reduction OMWW-based bricks,,main
W3207397981,other,4.3,4.3,%,0,0,,,reduced by 4.3%,abiotic depletion of fossil fuels reduction,,main
W3207397981,other,7.8,7.8,%,0,0,,,water consumption increases for OMWW-based brick production up to 7.8%,water consumption increase (adverse),,main
W3207397981,other,207.0,207.0,km,0,0,,,distance of 207 km,maximum mill-factory distance for economic benefit,,main
W4413293942,other,2408625.0,2408625.0,USD,0,0,not_accessed,0,"2408,625 USD",capital investment for antioxidant and bioenergy lines,full text not accessed,main
W4413293942,payback_years,1.0,1.0,years,0,1,not_accessed,0,< 1 year,payback of antioxidant and bioenergy lines,full text not accessed,main
W7167235048,other,0.005,0.005,USD/unit,0,0,,,USD 0.0047 per coated unit,baseline coating-production cost,,main
W7167235048,other,0.007,0.007,USD/unit,0,0,,,USD 0.007 per unit,baseline application-stage cost,,main
W7167235048,other,0.012,0.012,USD/unit,0,0,,,USD 0.012 per unit,baseline total applied cost,,main
W4306399824,other,84.99,84.99,USD/MWh,0,0,not_accessed,0,84.99 USD MWh<sup>−1</sup>,TPAD cost of manufacturing electricity,,main
W4306399824,other,0.019,0.019,USD/MJ,0,0,not_accessed,0,0.019 USD MJ<sup>−1</sup>,TPAD cost of manufacturing heat,,main
W4306399824,other,30.91,30.91,USD/t,0,0,not_accessed,0,30.91 USD t<sup>−1</sup>,TPAD cost of manufacturing fertilizer,,main
W4306399824,other,509011.0,509011.0,USD,0,0,not_accessed,0,"net present value (509,011 USD)",NPV of TPAD scenario,,main
W4306399824,payback_years,4.24,4.24,years,0,1,not_accessed,0,lowest payback time (4.24 y),payback of TPAD scenario,,main
W4417246977,other,33.6,33.6,kg CO2 eq/kg oil,0,0,,,33.6 kg CO₂ eq,global warming impact per kg tomato seed oil,,main
W4417246977,other,44.8,44.8,kg CO2 eq/kg pectin,0,0,,,44.8 kg CO₂ eq,global warming impact per kg pectin,,main
W7203687134,roi_pct,14.81,14.81,%,0,1,not_accessed,1,ROI of 14.81%,ROI of PPW fed-batch scenario,Full text not accessed.,main
W7203687134,payback_years,6.75,6.75,years,0,1,not_accessed,1,6.75-year payback,payback of PPW fed-batch scenario,Full text not accessed.,main
W7203687134,other,914000.0,914000.0,USD,0,0,not_accessed,1,"net present value of USD 914,000",NPV of PPW fed-batch at USD 7/kg,Full text not accessed.,main
W7160135935,time_reduction_pct,46.555,46.555,%,0,1,not_accessed,0,reduced total drying time by 27.59–65.52%,drying time reduction with cold plasma pretreatment,Full text not accessed; abstract gives range 27.59-65.52% (midpoint coded).,main
W7160135935,other,189.0,189.0,%,0,0,not_accessed,0,enhanced energy efficiency from 2.91% to 8.41% (+189%),energy efficiency increase with cold plasma,Full text not accessed.,main
W7160135935,energy_utility_reduction_pct,65.46,65.46,%,0,1,not_accessed,1,decreased specific energy consumption from 80.72 to 27.88 MJ/kg (−65.46%),specific energy consumption reduction,Full text not accessed; abstract 80.72->27.88 MJ/kg appears to be the best treatment rather than an average.,main
W7160135935,other,65.45,65.45,%,0,0,not_accessed,1,CO<sub>2</sub> emissions by up to 65.45%,CO2 emission reduction per kg water evaporated,Full text not accessed; abstract says 'up to'.,main
W7160135935,payback_years,2.95,2.95,years,0,1,not_accessed,0,reduced the payback period from 7.84 years to a range of 1.22 to 4.68 years,payback with cold plasma (vs 7.84 years),Full text not accessed; abstract range 1.22-4.68 yr vs 7.84 yr control (midpoint coded).,main
W3184367809,other,148.0,148.0,%,0,0,not_accessed,0,reduced respectively by 148% and 158%,"climate change impact reduction, production perspective",Full text not accessed.,main
W3184367809,cost_reduction_pct,158.0,158.0,%,0,0,not_accessed,0,reduced respectively by 148% and 158%,"life cycle cost reduction, production perspective","Full text not accessed; reduction >100% implies net revenue from co-products (bioethanol, feed).",main
W3184367809,other,3.4,3.4,%,0,0,not_accessed,0,by 3.4% and 8% for the consumption perspective,"climate change impact reduction, consumption perspective",Full text not accessed.,main
W3184367809,cost_reduction_pct,8.0,8.0,%,0,1,not_accessed,0,by 3.4% and 8% for the consumption perspective,"life cycle cost reduction, consumption perspective",Full text not accessed.,main
W3184367809,other,209.0,209.0,kt CO2 eq/yr,0,0,not_accessed,0,around 209 kt CO<sub>2</sub> eq./yr,UK annual climate impact reduction,Full text not accessed.,main
W3184367809,other,6.7,6.7,PJ/yr,0,0,not_accessed,0,primary energy demand by 6.7 PJ/yr,UK primary energy demand reduction,Full text not accessed.,main
W3184367809,profit_revenue_increase_pct,11.0,11.0,%,0,1,not_accessed,1,increasing the value added of cheese by up to 11%,value added of cheese increase,"Full text not accessed; abstract frames it as 'up to 11%' (maximum, Option 4, UK-level extrapolation).",main
W7143437806,other,22.5,22.5,%,0,0,confirmed,1,increase ROI by 19–26%,ROI increase from optimized technology portfolios,"Full text gives ROI increase of 19-26% (midpoint 22.5) as 'Expected effects' of an optimised three-phase technology portfolio (Table 8, 'medium-term perspective'); the authors state the investment optimisation function is conceptual rather than empirically estimated.",main
W7143437806,cost_reduction_pct,18.0,18.0,%,0,1,confirmed,1,reduce unit costs by up to 18%,unit cost reduction,"Unit cost reduction 'up to 18%' is an upper bound in the expected-effects scenario of the investment framework, not an estimated average effect.",main
W7143437806,throughput_productivity_increase_pct,25.0,25.0,%,0,1,confirmed,1,improve labour productivity by approximately 25%,labour productivity increase,Labour productivity 'up to 25%' (abstract says approximately 25%) is an upper bound in the expected-effects scenario of the investment framework.,main
W7162695130,other,44.95,44.95,million USD,0,0,,,$38.6 M and $51.3 M,NPV for dry and wet extraction,,main
W7162695130,other,4.61,4.61,USD/kg,0,0,,,4.81 $/kg and 4.41 $/kg,"PHA minimum selling price, dry and wet extraction",,main
W4376610475,cost_reduction_pct,56.0,56.0,%,0,1,confirmed,1,56% for the regression model,"analytical and labour cost reduction, regression model","Per-sample analytical+labour cost reduction for regression soft sensor with 8 PLS-selected parameters (R2>0.6); alternative parameter sets give 26% and 39%, so 56% is the largest of three options and comes with the lowest model accuracy.",main
W4376610475,cost_reduction_pct,83.0,83.0,%,0,1,confirmed,1,83% for the classification model,"analytical and labour cost reduction, classification model",Classification model with 4 key parameters (accuracy >70%); the 8-parameter model gives 64%; 83% is the larger of two options.,main
W7147494253,cost_reduction_pct,83.0,83.0,%,0,1,confirmed,1,83% reduction in average downtime-related cost,downtime-related cost reduction with modular digital twin,"Body: 'up to 83% downtime cost reduction through prescriptive digital twin integration'; scenario-based maximum from Monte Carlo simulation, case-specific values not fully retrievable.",main
W7147494253,time_reduction_pct,42.0,42.0,%,0,1,confirmed,1,42% reduction in average repair time,repair time reduction with modular digital twin,"'Up to 42%' repair-time reduction (simulated); e.g. greenhouse Table 9: reactive vs prescriptive DT downtime 19 to 11 days/year, MTTR 51 to 29 h/year.",main
W7160877770,other,46.5,46.5,%,0,0,,,annual packaged-flour recovery of 46.5%,pea flour recovery from rejected peas,,main
W7203606250,cost_reduction_pct,45.4,45.4,%,0,1,confirmed,0,overall cost savings of 45.4%,logistics cost savings with multimodal routing,"Logistics Cost Index falls from 8,642,195 to 4,716,175 units (base optimisation with 70% rail discount); a conservative tariff scenario (50% rail discount) gives 37%.",main
W4413046044,roi_pct,20.9,20.9,%,0,1,confirmed,0,ROI 20.9 %,"ROI, cannery biowaste only","Base case (cannery biowaste only), modelled plant: investment EUR 8,790, 15-yr horizon, 3.5% discount rate.",main
W4413046044,payback_years,4.28,4.28,years,0,1,confirmed,0,SPP 4.28 yr,"simple payback, cannery biowaste only","Base case (cannery biowaste only), modelled plant: investment EUR 8,790, 15-yr horizon, 3.5% discount rate. Discounted payback 4.70 yr.",main
W4413046044,other,18579.0,18579.0,EUR,0,0,confirmed,0,"NPV €18,579","NPV, cannery biowaste only","Base case (cannery biowaste only), modelled plant: investment EUR 8,790, 15-yr horizon, 3.5% discount rate.",main
W4413046044,irr_pct,23.8,23.8,%,0,1,confirmed,0,IRR 23.8 %,"IRR, cannery biowaste only","Base case (cannery biowaste only), modelled plant: investment EUR 8,790, 15-yr horizon, 3.5% discount rate.",main
W4413046044,roi_pct,23.5,23.5,%,0,1,confirmed,1,ROI 23.5 %,"ROI, with peach biowaste co-treatment","Co-treatment scenario with peach-processing biowaste (investment EUR 10,856); text does not state which mixing ratio (1.5:1-4:1) yields this value.",main
W4413046044,payback_years,3.93,3.93,years,0,1,confirmed,1,SPP 3.93 yr,"simple payback, with peach biowaste co-treatment","Co-treatment scenario with peach-processing biowaste (investment EUR 10,856); text does not state which mixing ratio (1.5:1-4:1) yields this value. Discounted payback 4.29 yr.",main
W4413046044,other,26143.0,26143.0,EUR,0,0,confirmed,1,"NPV €26,143","NPV, with peach biowaste co-treatment","Co-treatment scenario with peach-processing biowaste (investment EUR 10,856); text does not state which mixing ratio (1.5:1-4:1) yields this value.",main
W4413046044,irr_pct,26.2,26.2,%,0,1,confirmed,1,IRR 26.2 %,"IRR, with peach biowaste co-treatment","Co-treatment scenario with peach-processing biowaste (investment EUR 10,856); text does not state which mixing ratio (1.5:1-4:1) yields this value.",main
W3049287463,cost_reduction_pct,70.835,70.835,%,1,1,confirmed,0,ranged between 3-4 times,LAB bioproduction cost decrease vs commercial media,"Section 3.5: LAB bioproduction costs reduced 'at least three-four folds' (L. brevis), conclusions 'around 3-4' folds; % is the review's conversion of 3-4 fold (approx. 67-75%).",main
W3049287463,cost_reduction_pct,98.57,98.57,%,1,0,confirmed,0,improved more than 70 and 15 times,MPB growth cost improvement vs commercial media,"Excluded from summary: ""times"" improvement in growth cost converted to percentage is not comparable. MPB cost reduction 72-133 times (Phaeobacter) and 74-122 times (P. fluorescens); conclusions say 70-130 folds; 98.57% corresponds to the lower bound of 70 times.",main
W3049287463,cost_reduction_pct,93.33,93.33,%,1,0,confirmed,0,improved more than 70 and 15 times,Gram+ bacteria growth cost improvement vs commercial media,"Excluded from summary: ""times"" improvement in growth cost converted to percentage is not comparable. Gram+ bacteria: B. subtilis 16-26 folds, S. epidermidis 15-23 times; 93.33% corresponds to the lower bound of 15 times.",main
W4405642734,cost_reduction_pct,17.57,17.57,%,0,1,confirmed,0,cost savings of 17.57% and 18.65%,energy cost savings with reinforcement learning DR,"Deep RL energy cost saving vs reference scenario without DR (constant 2.5 °C set point), one-year test period; simulated.",main
W4405642734,cost_reduction_pct,18.65,18.65,%,0,1,confirmed,0,cost savings of 17.57% and 18.65%,energy cost savings with MILP DR,MILP energy cost saving vs the same no-DR reference over the test year; simulated.,main
W4405892646,cost_reduction_pct,76.32,76.32,%,1,0,,,costing $9/kg compared to $38/kg,injection molding vs 3D printing cost,Excluded from summary: comparison of injection moulding with 3D printing; direction relative to the technology is ambiguous.,main
W4405892646,other,9.0,9.0,USD/kg,0,0,,,costing $9/kg,injection-molded meat analog cost,,main
W7125498535,cost_reduction_pct,15.0,15.0,%,0,1,confirmed,0,reduced energy costs by 12 ÷ 18 %,energy cost reduction with automated monitoring,Range 12-18% (midpoint 15) for energy-saving technologies/intelligent energy management; in Results the sentence is attributed to a cited source [45] and Table 4 is 'compiled by the authors'.,main
W7125498535,cost_reduction_pct,35.0,35.0,%,0,1,confirmed,0,reduced costs by 30 ÷ 40 %,cost reduction from renewable energy integration,Range 30-40% long-term energy cost reduction from solar panels/renewables; Table 3 example Azersun -35% electricity cost; Table 4 gives 20-25% average production cost reduction for biogas/renewables.,main
W7125498535,profit_revenue_increase_pct,11.5,11.5,%,0,1,confirmed,0,profitability by 8 ÷ 15 %,profitability increase with circular production,"Range 8-15% from circular production models; in Results attributed to a cited source [23]; Table 3 firm examples +12% (MHP), +14% (Azersun).",main
W7117448158,other,4.22,4.22,s/piece,0,0,,,average time saving of 4.22s per piece,wrapping time saving vs manual,,main
W7125530448,profit_revenue_increase_pct,80.46,80.46,%,1,1,confirmed,0,"revenue grew from 1,003 million to 1,810 million manats",Azersun revenue growth 2019-2023,"Table 3: Azersun revenue 1,003.9 (2019) to 1,810.9 million manats (2023) = +80.4%; total company revenue growth, not attributable to the digital platform/automation (period includes inflation and expansion).",main
W7125530448,cost_reduction_pct,30.0,30.0,%,0,1,confirmed,0,reducing energy costs by 30 %,"energy cost reduction, automated cold storage","30% lower energy consumption of MHP automated cold store 'compared to conventional warehouses', taken from a vendor (viastore) reference page [9], not measured by the authors.",main
W7125530448,profit_revenue_increase_pct,48.15,48.15,%,1,1,confirmed,0,"revenue increased from 2,056 million to 3,046 million dollars",MHP revenue growth 2019-2024,"Table 4: MHP revenue USD 2,056m (2019) to 3,046m (2024); firm-level growth not attributed to automation; profit volatile with losses in 2020 and 2022.",main
W4402615998,yield_recovery_increase_pct,3.15,3.15,%,0,1,confirmed,0,3.15% increase in yield,yield increase with Lean/Six Sigma STNN,"Yield rose from about 91.8% to about 95.0%; t-test difference 0.03143, i.e. ~3.1-3.15 percentage points (not a relative %).",main
W4402615998,other,37.8,39.7,kg/batch,0,0,corrected,0,saving 39.7 kg of waste per batch,waste saved per batch,Section 3.6 (results) reports a reduction of 37.8 kg of finished-product waste per batch; 39.7 kg appears only in the abstract and conclusions (internal inconsistency).,main
W4402615998,other,158.5,1585.0,USD/batch,0,0,corrected,0,USD 1585 per batch,waste-related loss reduction per batch,"Section 3.6 reports an economic saving of USD 158.5 per batch; abstract value USD 1585 is a tenfold (decimal) error, inconsistent with the baseline loss of USD 325 per batch for 77.5 kg waste.",main
WOS:001787013400012,yield_recovery_increase_pct,15.5,15.5,percentage points,0,0,confirmed,0,increases bioactive recovery by 13-18 percentage points,"polymer composite membranes vs conventional separation, bioactive recovery","Excluded from summary: percentage points of recovery, not a relative change. Text states 13-18 percentage points vs conventional separation (15.5 is midpoint coded); literature synthesis, underlying primary source not identified in the accessed text.",main
WOS:001787013400012,energy_utility_reduction_pct,72.0,72.0,%,0,1,confirmed,1,reduces AD heat loss by up to 72%,polymer-composite digester construction; up to 72% heat loss reduction,"Body: 'reduces AD heat loss by up to 72%' citing refs [44,45]; upper bound, not a central estimate.",main
WOS:001787013400012,other,2.5,2.5,x (service life factor),0,0,confirmed,0,extends system service life by a factor of 2-3,digester service life extension factor,"Body: service life extended by a factor of 2-3 [44,45]; 2.5 is midpoint.",main
WOS:001787013400012,payback_years,11.5,11.5,years,0,1,confirmed,0,anaerobic digestion (payback 8-15 years),anaerobic digestion payback benchmark,"Body: AD payback 8-15 years, cited from ref [30]; midpoint of literature range.",main
WOS:001787013400012,payback_years,4.5,4.5,years,0,1,confirmed,0,composting (payback 3-6 years),composting payback benchmark,"Body: composting payback 3-6 years, cited from ref [14]; midpoint of literature range.",main
WOS:001787013400012,other,3.5,3.5,USD/kg protein,0,0,confirmed,0,MSP $2.0-5.0/kg protein,Black Soldier Fly bioconversion minimum selling price,"Body: BSF MSP $2.0-5.0/kg protein, cited from ref [39]; midpoint.",main
WOS:001787013400012,other,275.0,275.0,USD/kg extract,0,0,confirmed,0,MSP $50-500/kg extract,supercritical CO2 extraction minimum selling price,Body: supercritical CO2 MSP $50-500/kg extract [48]; midpoint of a very wide range.,main
WOS:001787013400012,irr_pct,18.3,18.3,%,0,1,confirmed,1,IRR up to 18.3%,"supercritical CO2 extraction IRR, upper bound",Body: 'IRR up to 18.3%' (payback 3-7 yr) cited from ref [48]; upper bound.,main
WOS:000588911500001,roi_pct,75.0,75.0,%,0,1,confirmed,0,accounting rate of return of 75%,"starch extraction from avocado seeds, accounting rate of return","Accounting rate of return = net profit 604,619 / total investment 804,885 = 75.12% (projected, full capacity).",main
WOS:000588911500001,other,82.0,82.0,%,0,0,confirmed,0,break-even analysis of 82%,break-even analysis result,"Break-even point 82.01% (excluding by-product income), from income statement projections.",main
WOS:000588911500001,payback_years,2.0,2.0,years,0,1,confirmed,0,payback period of 2 years,starch extraction process payback period,Investment recovered within 2 years based on projected income statement at full capacity.,main
WOS:000610903400001,other,63.0,63.0,%,0,0,confirmed,0,average cold gas efficiency was nearly 63%,"gasifier average cold gas efficiency, nearly 63%",Average cold gas efficiency from three 4-hour runs on the small pilot gasifier fed exhausted olive pomace pellets.,main
WOS:000610903400001,payback_years,7.0,7.0,years,0,1,confirmed,1,payback period ranges between 5-9 years,gasification CHP plant economic feasibility payback,"7 is the coded midpoint of the reported range 5-9 years; the range reflects modelled scenarios (e.g. existing staff absorbing maintenance vs hiring new personnel; NPV about EUR 300,000 vs EUR 100,000), with a 35% regional subsidy assumed.",main
WOS:001041646200001,other,11.0,11.0,%,0,0,confirmed,0,starch (with a yield of around 11 %),starch recovery yield from potato peel,"Starch yield ~11 % (Table 3 range about 10.7-13.5 %); lab-scale extraction, not economic.",main
WOS:001041646200001,other,7.343,7.343,mgGAE/g,0,0,confirmed,0,phenolic compounds (0.687-14.0 mgGAE/g),phenolic compounds recovery from potato peel,"Midpoint of reported range 0.687-14.0 mgGAE/g db, confirmed in body; range midpoint, not a central estimate.",main
WOS:001041646200001,other,2691.45,2691.45,mg/kg,0,0,confirmed,0,glycoalkaloids (40.9-5342 mg/kg),glycoalkaloids recovery from potato peel,"Midpoint of range 40.9-5342 mg/kg db, confirmed in body.",main
WOS:001041646200001,other,269.0,264.0,mL CH4/g VS,0,0,corrected,0,energy (218-310 mL CH4/g on a volatile solid basis),methane yield from potato peel anaerobic digestion,Section 4.2 reports BMP between 218 and 320 mL CH4/g VS (abstract says 218-310); midpoint of body range is 269.,main
WOS:001041646200001,irr_pct,12.8,10.0,%,0,1,corrected,1,internal return rates higher than 10 %,"biorefinery internal return rates, greater than 10%","Section 5 states TEA for potato peel is not available; IRRs come from other agrowaste biorefineries (mango 19.5-53.6 %, grape pomace 26.3-34.3 %, olive pomace 12.8 %); 10 % is a threshold, lowest reported IRR 12.8 %, scenario values.",main
WOS:001700636400001,other,0.04,40.32,EUR/kg,0,0,corrected,0,ranged from 0.04 to 80.60 &,PPA treatment conversion costs by mode and scale,"40.32 is a midpoint of the 0.04-80.60 EUR/kg range, which is not a meaningful quantity: 80.60 EUR/kg is the 1-L lab chamber (5 g, 30 min) and the industrial-scale (1000-L container) cost is 0.04 EUR/kg for 10-min and 0.12 EUR/kg for 30-min treatment; energy cost only.",main
WOS:001700636400001,payback_years,1.0,1.0,years,0,1,confirmed,1,estimated to be less than one year,return on PLexc2 investment under one year at 2000 t/yr,"ROI about 11, 2 and 1 year (or less) at 100, 1000 and 2000 t/yr; <1 year is the largest-scale scenario. CAPEX 250,000 EUR excluding installation.",main
WOS:000522492700113,energy_utility_reduction_pct,16.5,16.5,%,0,0,,,can make up 16%-17% of the total amount of thermal energy,"solar collectors energy-saving potential, share of regional thermal energy","Excluded from summary: share of regional thermal demand, not a reduction achieved by the technology.",main
WOS:000522492700113,other,5.2,5.2,RUB/kWh,0,0,,,3.8-6.6 rubles per kWh,levelized cost of energy from industrial solar collectors,,main
W4404127031,other,120.0,65.0,fold,0,0,corrected,1,huge labour savings from 10 to 120 folds,labour savings of automated vision-guided systems,"65 is a coded midpoint of the abstract's '10 to 120 folds'; the body substantiates only the upper end: strawberry prototype throughput of about 4,535 kg/h 'equivalent to the productivity of about 120 manual laborers'. No figure for the 10-fold lower bound or for the oyster sorter's labour saving is given.",supplementary
W3083318132,energy_utility_reduction_pct,17.0,17.0,%,0,1,confirmed,0,reduce the electrical consumption of the compressors by 17%,compressor electricity consumption,"About 1,600 kWh/day less compressor consumption vs matched reference days, i.e. ~17%, over 8 test days.",supplementary
W3083318132,time_reduction_pct,77.0,77.0,%,0,1,confirmed,0,a 77% reduction in the operation time of two compressors working in parallel,operation time of two parallel compressors,"77% less time with two compressors running in parallel (~438 min/day saved) vs reference days; refers to parallel operation time only, not total compressor runtime.",supplementary
W7165046846,waste_loss_reduction_pct,74.9,74.9,%,0,1,confirmed,0,weight loss by 74.9%,fruit weight loss in Smart Cold Chain containers,"Weight loss, Smart Cold Chain vs traditional containers, p<.001.",supplementary
W7165046846,time_reduction_pct,36.2,36.2,%,0,1,confirmed,0,lead time by 36.2%,shipment lead time,"Lead time reduction vs control, p<.001.",supplementary
W7165046846,waste_loss_reduction_pct,95.1,95.1,%,0,1,confirmed,0,claim value by 95.1%,value of quality claims (monetary losses),"Claim value decrease (mean 130,379 THB per shipment) relative to traditional mean.",supplementary
W7165046846,throughput_productivity_increase_pct,42.1,42.1,%,0,1,confirmed,0,Smart Cold Chain shipments defined the efficiency frontier (+42.1%),DEA efficiency of Smart Cold Chain shipments,"Increase in mean DEA efficiency score (0.678 to 0.963), not physical throughput.",supplementary
W7165046846,roi_pct,160.8,160.8,%,0,1,confirmed,0,a single-shipment ROI of 160.8%,return on investment per single shipment,"Single-shipment ROI = claim-value saving vs an estimated technology cost of 50,000 THB per container; cost is an estimate.",supplementary
W4403006471,other,1.6,1.6,PJ/yr,0,0,,,primary energy demand by 0.9–2.3 PJ/yr,sectoral primary energy demand reduction from valorising spent coffee grounds,,supplementary
W4403006471,other,72.6,72.6,£ M/yr,0,0,,,increasing the VA by £50.2–95 M/yr,sectoral value added increase from valorising spent coffee grounds,,supplementary
W4403006471,other,72.6,72.6,£ M/yr,0,0,,,costs by £50.2–95 M/yr,sectoral cost reduction from valorising spent coffee grounds (highlights),,supplementary
W4413352972,energy_utility_reduction_pct,35.0,35.0,%,0,1,corrected,1,a notable 35% improvement in energy efficiency was achieved compared to conventional hot-air drying systems,energy efficiency of hybrid ultrasonic-convective dryer vs hot-air drying,"Metric corrected in the coding check (energy use, not productivity). Actually a ~35% reduction in energy consumption (7.552 to 4.864 MJ) when ultrasound amplitude rises from 10% to 60% at 70 C; upper end of a 9-35% range (only ~11% at 30 C). Metric is energy use, not productivity; baseline in Results is low-amplitude ultrasound, though the paper frames it as vs hot-air alone.",supplementary
W4413352972,energy_utility_reduction_pct,14.0,14.0,%,0,1,corrected,0,further enhanced energy efficiency by nearly 14%,additional energy efficiency gain from dynamic optimization framework,"Metric corrected in the coding check (energy use, not productivity). Experimentally validated three-stage MOMIDO policy saved ~13.9% energy (6.28 to 5.41 MJ) vs best static single-stage setting; two-stage saved 7.1%. Energy metric, not productivity.",supplementary
W4413352972,time_reduction_pct,41.0,41.0,%,0,1,confirmed,1,as much as a 41% reduction in total processing time,total drying time of hybrid dryer,Drying time 91.66 to 54.28 min at 70 C when amplitude raised 10% to 60%; upper end of 11-41% range (over 30% at 30 C).,supplementary
W4413352972,time_reduction_pct,10.0,10.0,%,0,1,not_found,0,further optimized by an additional 10% using our proposed optimization framework,additional drying time reduction from optimization framework,"An additional 10% time reduction from optimisation is not identifiable in Results; full text reports simulated drying-time reductions of 66% (two-stage) and 48% (three-stage) vs single-stage static optimum, as by-products of energy/colour optimisation.",supplementary
W4308292914,irr_pct,14.4,14.4,%,0,1,confirmed,1,internal rate of return of 14.4 percent,IRR of energy production from fish waste (anaerobic digestion),"Table 3: EEM-1 (anaerobic co-digestion/CHP) NPV EUR 520,786, IRR 14.38%, PI 1.95; EEM-2 (PV) IRR 9.92%. Value refers to a modelled scenario (hypothetical measure), 25-year lifespan, 7.5% expected rate of return.",supplementary
W4413958814,energy_utility_reduction_pct,11.2,12.5,%,1,1,corrected,0,"specific heat consumption showed its decrease from 250 to 222 kJ/kg, which is a saving of 12.5%",specific heat consumption of improved scraper heat exchanger,"Value corrected in the coding check: (250-222)/250 = 11.2%; the reported 12.5% uses 222 as the base. Specific heat consumption 222 kJ/kg in improved heat exchanger vs 250 kJ/kg in basic heater (Table 1); basic-structure values taken from reference [23], not measured side by side.",supplementary
W4411604262,other,12.0,12.0,h,0,0,confirmed,0,ultrasonic-assisted marinating time reduced by 12 h,marinating time reduction with ultrasound,"Secondary, from Lin et al. [83]: 90 min ultrasound + 12 h static curing comparable to 24 h conventional curing; net saving about 10.5 h if ultrasound time counted; lab-scale.",supplementary
W4411604262,profit_revenue_increase_pct,26.98,26.98,%,0,1,confirmed,0,resulting in a 26.98% increase in overall profits,overall profits of central kitchen using AI agents and intelligent control,Appears in abstract/introduction as an application example (S2B2C central kitchen with AI agents) without an identifiable primary study or method; anecdotal secondary figure.,supplementary
W4408117997,energy_utility_reduction_pct,5.77,6.92,%,0,1,corrected,0,an average 6.92% reduction in thermal energy across both sites,thermal energy use with AI predictive maintenance of steam traps,Abstract value 6.92% averages an aluminium plant (7.2%) and the food plant (5.77%); food-plant value used. 6.92% is the average of the aluminium plant (7.2%) and the food manufacturing plant (5.772%); the food-plant-specific value is 5.772%.,supplementary
W2989967509,other,163000.0,163000.0,kWh/yr,0,0,not_found,0,"significant savings of approximately 163,000 kWh in the year 2017",annual energy savings from IoT energy monitoring,"163,000 kWh for 2017 appears only in the abstract (likely read from Figure 4, monthly savings Aug 2017-Jan 2018); body text instead reports projected annual savings of 807,081 kWh/yr and $172,281/yr, which equal the sum of Table 1 per-annum savings of five energy-saving projects (LED lighting alone 661,305 kWh).",supplementary
W4413781144,time_reduction_pct,27.5,27.5,%,0,1,not_found,0,decreased drying durations by 25–30%,drying duration with AI-driven algorithms,Range appears in abstract only; body reports that automated systems can decrease drying times 'by as much as 40 %' relative to traditional methods; no cited source for 25-30% identified.,supplementary
W4413781144,energy_utility_reduction_pct,17.5,17.5,%,0,1,not_found,0,energy usage in these systems has decreased by 15–20%,energy usage of smart solar dryers,15-20% energy reduction appears in abstract only; not identified in body text or tables (WebFetch extraction).,supplementary
W4413781144,cost_reduction_pct,12.5,12.5,%,0,1,not_found,0,a 10–15% reduction in operational expenses,operational expenses with IoT monitoring,10-15% operating-expense reduction appears in abstract only; not identified in body text.,supplementary
W4413781144,time_reduction_pct,22.5,22.5,%,0,1,not_found,0,a 20–25% drop in downtime through predictive maintenance,downtime via predictive maintenance,"20-25% downtime reduction appears in abstract only; body cites one study (Random Forest, solar rotary dryer for green chilies) minimising downtime by 15 %.",supplementary
W4413781144,waste_loss_reduction_pct,20.0,20.0,%,0,1,not_found,0,lowered post-harvest losses by 15–25%,post-harvest losses,15-25% post-harvest loss reduction appears in abstract only; not identified in body text.,supplementary
W4407955656,time_reduction_pct,41.25,41.25,%,1,1,confirmed,0,reductions in traceability time (from 4.0 to 2.35 hours),traceability time after blockchain implementation (4.0 to 2.35 h),Traceability time 4.0 h pre-blockchain to 2.35 h post (p<0.001); the paper itself rounds the reduction to 40%.,supplementary
W4405494452,other,25.0,25.0,% reduction in overstock,0,0,,,reducing overstock by 25%,inventory overstock with hybrid blockchain and recommender system,,supplementary
W3139173015,energy_utility_reduction_pct,11.0,11.0,%,0,1,confirmed,0,an 11% reduction in the beverage factory’s daily water usage,daily water usage after IoT water monitoring,"Body states 'approximately 11% reduction in the daily water usage'; calculation not shown. Monthly normalised water use (L/L) fell from 2.49 (June 2017) to 1.90 (June 2018), i.e. 23.7% June-to-June, while Jan-Jun means fell from about 2.11 to 1.97 (about 6.6%); reduction stems from water-saving projects (blowdown reuse, RO for boiler, leak fixing) triggered by monitoring.",supplementary
W4407086773,cost_reduction_pct,20.0,20.0,%,0,1,not_found,1,reduce operational costs by 20%,operational costs with AGVs (estimated),"Only in abstract as an estimate ('is estimated to reduce'); Results section not in accessed text, so source of the estimate not verified.",supplementary
W4407086773,throughput_productivity_increase_pct,30.0,30.0,%,0,1,not_found,1,improve warehouse operation efficiency by 30%,warehouse operation efficiency with AGVs (estimated),Only in abstract as an estimate; Results section not in accessed text.,supplementary
W4303986166,time_reduction_pct,90.0,90.0,%,0,1,not_found,1,decreasing the aging time by more than 90%,wine aging time with ultrasound (more than 90%),"The '>90% aging time reduction' appears only in the abstract; no sentence or table in the review body reports this figure or attributes it to a specific primary study (body only states qualitatively that ultrasound shortens/accelerates aging). It is an upper-bound ('more than') summary claim, not a pooled estimate.",supplementary
W4393252712,time_reduction_pct,20.0,20.0,%,0,1,confirmed,0,reduce the drying time by 15–25%,grain drying time after plasma pretreatment vs control,Full text: drying time reduced by 15-25% vs control (20 = midpoint of the range); lab scale.,supplementary
W4393252712,energy_utility_reduction_pct,20.0,20.0,%,0,1,confirmed,0,a 20% reduction in total energy consumption,total energy consumption of grain drying after plasma pretreatment,"Full text states a 20% reduction in total specific energy consumption (including plasma pretreatment energy); results table implies about 4.2-4.3 vs 5.7 kWh/kg (22-25%) for the two treated samples, so 20% is a conservative rounding.",supplementary
W4402393553,waste_loss_reduction_pct,11.7,11.7,%,0,1,confirmed,0,a reduction in flesh waste by 11.7% compared to traditional methods,pineapple flesh waste in automated peeling,"Total peeling waste 40.78 kg (proposed) vs 46.18 kg 'traditional automatic processing methods' on the same 110 pineapples (5.40 kg less, about 11.7%); the traditional result was emulated by further processing the same peeled fruit to match traditional peeling, not by running a traditional machine.",supplementary
W4408107152,waste_loss_reduction_pct,60.0,60.0,%,0,0,confirmed,0,AI-driven cold storage interventions led to a 60% reduction in post-harvest losses,post-harvest losses of perishables with AI-driven cold storage,"Same value stated in Results, but with no identified deployment, baseline or data source (table lists 'Perishables in Nigeria'); provenance unverifiable. Excluded from summary: conceptual design, no identified data source.",supplementary
W4408107152,waste_loss_reduction_pct,20.0,20.0,%,0,0,confirmed,0,ML-optimized logistics resulted in a 20% decrease in transportation-related food waste,transportation-related food waste with ML-optimized logistics,"Same value stated in Results without identified deployment, baseline or data; provenance unverifiable. Excluded from summary: conceptual design, no identified data source.",supplementary
W4406738766,energy_utility_reduction_pct,81.4,81.4,%,0,1,confirmed,1,significant SEC savings of 81.40 %,specific energy consumption of optimized solar PV roaster vs woodfuel cookstove,"SEC 1.37 kWh/kg at the optimised setting vs a 7.37 kWh/kg woodfuel cookstove reference (different technology), not vs an existing plant; optimum-point value.",supplementary
W4409997899,waste_loss_reduction_pct,17.0,17.0,%,0,1,not_found,0,improves waste reduction by 17%,food supply chain waste with Random Forest model,17% appears only in the abstract; Results and Conclusion give no figure or derivation for waste reduction.,supplementary
W4409997899,throughput_productivity_increase_pct,22.0,22.0,%,0,1,not_found,0,optimizes resource utilization by 22%,resource utilization in food supply chain,22% appears only in the abstract; not reported or derived in Results.,supplementary
W4412084408,waste_loss_reduction_pct,40.0,40.0,%,0,1,confirmed,1,peeling loss by 40 %,mango peeling loss with PEF at 4.6 kJ/kg,"Mango peeling loss reduced by up to about 40% vs untreated at the higher PEF energy (4.6 kJ/kg); blanching gave 30%, lower PEF energy (1.1 kJ/kg) not significantly different from blanching. Highlights state 3.6 kJ/kg, which conflicts with Methods/Results (4.6 kJ/kg). Value is the best of two PEF treatments.",supplementary
W7204623615,cost_reduction_pct,14.3,14.3,%,0,1,confirmed,0,cuts the logistics cost index by 14.3 percent,logistics cost index of grain marketplace toolset,"Cost index 100.0 (manual/FIFO baseline) to 85.7; mean diff -14.3 [95% CI -15.0,-13.6] over 30 paired simulated instances at 400 participants.",supplementary
W7204623615,throughput_productivity_increase_pct,21.43,21.43,%,1,1,confirmed,0,raises order fulfilment from 78.4 to 95.2 percent,order fulfilment rate (78.4% to 95.2%),"Order fulfilment 78.4 % to 95.2 % (paper states +16.8 percentage points; 21.43 % is the derived relative change); fulfilment rate, not productivity.",supplementary
W7204623615,other,20.9,20.9,percentage points,0,0,confirmed,0,lifts fleet utilization by 20.9 points,fleet utilization increase,Fleet utilisation 61.2 % to 82.1 % (+20.9 points) vs manual baseline.,supplementary
W7204623615,other,96.3,96.3,%,0,0,confirmed,0,attains an allocative efficiency of 96.3 percent,allocative efficiency (97.4% of centralized optimum),"Allocative efficiency 96.3 +/- 0.4 %, = 97.4 % of centralized MILP optimum (98.9 %).",supplementary
W7166522902,other,1.6,1.6,% Tobin's Q per 1-unit DT index,0,0,not_accessed,0,a 1-unit increase in DT index raising Tobin’s Q by 1.6%,effect of digital transformation index on firm performance (Tobin's Q),Full text not accessed; abstract states a 1-unit increase in DT index raises Tobin's Q by 1.6%.,supplementary
W1592840127,time_reduction_pct,24.05,24.05,%,0,1,not_accessed,0,reduces the time spent per batch production from 7 hours to 5 hours 19 minutes (24.05% time reduction),batch production time with PLC control system,Full text not accessed.,supplementary
W1592840127,throughput_productivity_increase_pct,15.67,15.67,%,1,1,not_accessed,0,increases the efficiency of the plant from 73.4% to 84.90%,plant efficiency (73.4% to 84.90%),Full text not accessed.,supplementary
W1592840127,other,75.0,75.0,% reduction in human involvement,0,0,not_accessed,0,Human involvement was reduced by 75% (from 8 steps to just 2),human involvement in process steps,Full text not accessed.,supplementary
W4291143598,throughput_productivity_increase_pct,37.5,40.0,%,0,1,corrected,0,almost 40% improvement in fuel economy,LPG fuel economy with automatic burner control,"'Almost 40%' is rounded; full text gives specific energy 4.8 -> 3.0 MJ/kg and LPG 0.096 -> 0.060 kg/kg product (37.5% saving); LPG rate 0.185 -> 0.120 g/s (>35%). This is a fuel-use reduction, not a throughput/productivity gain.",supplementary
W7118165191,cost_reduction_pct,28.0,28.0,%,0,1,confirmed,0,a 28% reduction in transportation cost,transportation cost with IT-enhanced supply chain model,"Simulated transportation cost fell 28% (to US$ 3,673.60) in the IT-enhanced vs baseline scenario; mean of 50 stochastic runs.",supplementary
W7118165191,other,22.0,22.0,% reduction in objective value,0,0,confirmed,0,the total objective value declined by 22%,total objective value of LP supply chain model,"Combined LP objective value USD 5,992 to 3,987 (about 22% lower) incl. US$150 IT activation cost; modelled, not realised.",supplementary
W4415943969,energy_utility_reduction_pct,65.0,65.0,%,0,1,confirmed,0,Specific energy use fell by 50–80 % versus HTST equivalent treatment,specific energy use of microfiltration line vs HTST pasteurization,"Full text reports a range of 50-80% depending on processed volume and CIP frequency; 65 is the midpoint. Microfiltration 0.025-0.070 kWh/L measured vs HTST 0.12-0.30 kWh/L taken from literature (Rouquie et al., 2019).",supplementary
W4415266233,energy_utility_reduction_pct,18.5,18.5,%,0,1,confirmed,0,reduce energy consumption by 18.5%,electricity consumption with IoT monitoring and control,"Average consumption fell from 125 to 101.85 kWh/day (696 kWh/month, about Rp776,340/month at Rp1,115/kWh).",supplementary
W4416852158,throughput_productivity_increase_pct,5.0,5.0,%,0,1,not_found,1,increased food availability for consumption by 5%,food availability with blockchain and IoT (simulation),"5% appears only in the abstract; Results/Table 4 report food-availability increases of 4% (scenario 1, growth efficiency +15%), 8% (scenario 2, investment rate 8% to 35%) and 10% (scenario 3, farmer storage capacity); no 5% scenario identified.",supplementary
W4416852158,waste_loss_reduction_pct,-3.0,3.0,%,0,1,corrected,1,reduced fresh food inventory losses by 3%,fresh food inventory losses with blockchain and IoT (simulation),"Body text and Table 4 say scenario 2 (higher investment in traceability/digital systems) INCREASES fresh food inventory loss by 3% (scenario 1: +31%); only scenario 3 (farmer storage capacity) reduces loss, by 4%. Abstract sign appears inconsistent with the results.",supplementary
W4403500654,energy_utility_reduction_pct,20.4,20.4,%,0,1,confirmed,1,The cooling system reduces energy consumption by 20.4 %,energy consumption with cooling system strategy (highlights),"Full text: turning the cooling water system on only when necessary 'will reduce the total electricity consumption by 20.4 %'; 20.4% is also the cooling system's share of total energy; projected (not realised) saving relative to total electricity of boiler, compressor, retort and cooling system.",supplementary
W4403500654,energy_utility_reduction_pct,70.0,70.0,%,0,1,confirmed,1,reduced the energy consumption of the cooling system by 70 %,energy consumption of the retort cooling system,"Full text states 70 % reduction of cooling-system energy; Results give the computed figure 73.6 % for power of the cooling water system; projected saving of one strategy, applies only to the cooling subsystem.",supplementary
W4391923477,payback_years,2.3,3.0,years,0,1,corrected,0,The Simple Pay Back of the investment is less than 3 years,simple payback of sludge dryer and gasifier (less than 3 years),Abstract gives an upper bound ('less than 3 years'); Table 6 reports SPB = 2.3 years as the central modelled value.,supplementary
W4391923477,other,2.4,2.4,M€,0,0,confirmed,0,the Net Present Value stands at about 2.4 M€,NPV of energy recovery investment,"Table 6: NPV = 2457 k€ (about 2.4-2.5 M€) over a 10-year lifespan, annuity factor 7.7; PI 2.32.",supplementary
W4385191518,cost_reduction_pct,94.75,94.75,%,1,1,confirmed,0,The cost of the formulated medium was 1.58 $/L compared with 30.1 $/L of Bacto marine broth medium,whey-based medium cost vs commercial medium (1.58 vs 30.1 $/L),"Full text reports 1.58 $/L whey medium vs 30.1 $/L Bacto marine broth (19.6-fold cheaper), calculated on lab-scale ingredient prices (Additional file Table S1); cost of medium only, not full production cost.",supplementary
W7162321396,time_reduction_pct,11.29,11.29,%,0,1,confirmed,0,reducing the drying time by 9.68–12.90% in vacuum drying,vacuum drying time with cold plasma pretreatment,"Full text: vacuum drying time reduced by 9.68% (CPJ-60s, CPJ-90s) to 12.90% (CPJ-30s); 11.29 is the coder's range midpoint.",supplementary
W7162321396,time_reduction_pct,29.63,29.63,%,0,1,confirmed,0,22.22–37.04% in tray drying,tray drying time with cold plasma pretreatment,"Full text: tray drying time reduced by 22.22% (30 s), 25.93% (60 s), 37.04% (90 s); 29.63 is range midpoint (mean of three treatments is 28.40).",supplementary
W7162321396,energy_utility_reduction_pct,39.13,39.13,%,0,1,confirmed,1,specific energy consumption declined by up to 39.13%,specific energy consumption of drying (up to),"39.13% is the maximum SEC reduction (CPJ-90s, tray dryer); tray SEC reductions 25.82-39.13%, vacuum SEC reductions only 0.13-18.49%.",supplementary
W4372329505,other,0.087,0.087,$/kWh,0,0,,,0.087 $/kWh,levelized cost of product of optimized biomass energy plant,,supplementary
W4372329505,other,38.2,38.2,%,0,0,,,"0.087 $/kWh, 38.2%",system efficiency under optimal conditions,,supplementary
W3083885311,cost_reduction_pct,98.69,98.69,%,1,1,confirmed,1,"a much lower energy cost of about 0.4 USD/MJ as compared to diesel and furnace oil, i.e., 36.8 and 26.2 USD/MJ",energy cost of rice husk vs furnace oil and diesel,"Table 6 reports energy cost 0.40 USD/MJ (rice husk) vs 36.8 (diesel) and 26.2 (furnace oil); the 98.69% is a derived figure not stated in the text. Table inputs (24.23 USD/t at 16 MJ/kg; 627.29 USD/t at 41.8 MJ/kg) imply about 1.5 vs 15 USD/GJ, so the USD/MJ values look internally inconsistent; substitution is a potential, mills currently fire diesel/furnace oil.",supplementary
W3083885311,other,0.25,0.25,kg starch/L,0,0,confirmed,0,about 0.25 kg of starch/L from wastewater has been effectively reclaimed,starch by-product recovery from parboiling effluent,Laboratory result: 0.25 kg starch extracted per 1000 ml parboiling effluent from rice mill 1 (extrapolated to ~275.5 kg/day); not an operating recovery plant.,supplementary
W3083885311,other,0.8,0.8,ton/h,0,0,confirmed,1,about 0.8 ton/h of freshwater is saved,freshwater saving from water integration,"Water pinch analysis (software): 0.80 te/h 'can be saved' by integration; minimum flow with reuse 26.04 te/h, so a modest relative saving; potential, not implemented.",supplementary
W3083885311,energy_utility_reduction_pct,38.19,38.19,%,1,0,corrected,1,a total water demand of 45.3 kg/s at the third purity level has been reduced to 28.0 kg/s,total water demand (45.3 to 28.0 kg/s) via water cascade analysis,"45.32 and 28.04 kg/s are cumulative water demands cascaded down purity levels in the water cascade table (fresh water flow assumed 0 t/h), not before/after total demand; the 38.19% is not a water demand reduction. The WPA-based saving is 0.80 te/h.",supplementary
W3210615532,irr_pct,12.6,12.6,% per year,0,1,not_accessed,1,moving from 8.1%–12.6% per year,IRR of HTL integrated with sugarcane distillery (vs 8.1% stand-alone),"Full text not accessed; visible highlights state 'The best scenario has resulted in IRR as high as 12.6 % per year', i.e. a best-scenario value.",supplementary
W3210615532,other,0.44,0.44,US$/L,0,0,not_accessed,1,"estimated as 0.44, 0.48, 0.51 and 0.37 US$/L",minimum fuel selling prices of HTL biofuels in best integrated scenario,Full text not accessed; abstract states MFSP values refer to the best integrated scenario.,supplementary
W3092838409,yield_recovery_increase_pct,105.355,105.355,%,1,1,not_accessed,0,"Anthocyanin recoveries of 48.6, 68.6, 77.9 and 66.8 % with single-stage, two-stage, three-stage, and two-stage countercurrent water-based extractions, respectively, from pericarp, were higher than recoveries (30.8 %)",anthocyanin recovery of staged extraction vs previous process conditions,Full text not accessed.,supplementary
W3092838409,other,35.75,35.75,million gal/yr,0,0,not_accessed,0,Annual ethanol and anthocyanin yields for plants processing 1113 MT purple corn/day were between 35.2 and 36.3 million gal,annual ethanol output of modified processes (vs 42 million gal conventional),Full text not accessed.,supplementary
W3092838409,other,645.5,645.5,MT/yr,0,0,not_accessed,0,496 and 795 MT,annual anthocyanin output of modified processes,Full text not accessed.,supplementary
W3092838409,other,99.4,99.4,million $,0,0,not_accessed,0,Capital costs for modified processes ($97.4–101.4 million),capital costs of modified processes (vs $87.2 million conventional),Full text not accessed.,supplementary
W3092838409,cost_reduction_pct,45.525,45.525,%,1,1,not_accessed,0,ethanol production costs for modified processes ($0.98 to 0.48/gal) were lower than the conventional process ($1.34/gal),ethanol production cost vs conventional process,Full text not accessed.,supplementary
W3092838409,other,2.5,2.5,times conventional IRR,0,0,not_accessed,0,Internal rate of return for modified technologies was 1.9–3.1 times that of the conventional process,IRR relative to conventional process,Full text not accessed; dissertation abstract gives IRR 17.2-27.4% vs 8.9% (1.9-3.1x).,supplementary
2-s2.0-85196637111,throughput_productivity_increase_pct,12.51,7.8,%,0,1,corrected,1,a remarkable 7.8% increase in productivity,productivity in Scenarios 1 and 4 (IoT and automation),"7.8 % appears only in the abstract; Table 4 shows productivity rising from 62.35 % to 70.15 %, i.e. +7.8 percentage points (= +12.5 % relative); simulated scenario value.",supplementary
2-s2.0-85196637111,payback_years,0.35,1.0,years,0,1,corrected,1,a one-year payback period,payback period of Scenarios 1 and 4,"'One-year' payback appears only in abstract; Results give 0.35 years for Scenario 1 (650,000 THB) and 0.27 years for Scenario 4 (500,000 THB); simulated.",supplementary
WOS:001268042300001,other,60.0,60.0,% reduction in bleaching clay consumption,0,0,,,the consumption of bleaching clay was reduced by approximately 60% for sunflower oil,"bleaching clay consumption, sunflower oil",,supplementary
WOS:001268042300001,other,32.5,32.5,% reduction in bleaching clay consumption,0,0,,,30%-35% for soybean oil,"bleaching clay consumption, soybean oil",,supplementary
W4408965041,cost_reduction_pct,30.0,30.0,%,0,1,not_accessed,0,cutting labor expenses by 30 %,labor expenses with AI vision in robots,,supplementary
W4408965041,throughput_productivity_increase_pct,95.0,95.0,%,0,0,not_accessed,0,Up to 95 % optimization is achieved in supply chain efficiency,"supply chain, logistics and inventory efficiency with AI analytics (up to)",Excluded from the summary in the coding check: 'up to 95% optimization in supply chain efficiency' is not a throughput or productivity measure.,supplementary
W4408965041,profit_revenue_increase_pct,15.0,15.0,%,0,1,not_accessed,0,sales can be increased by 15 %,sales with AI/ML customization,,supplementary
W7150845949,other,0.89,0.89,million tons standard coal,0,0,,,reduce consumption by 0.89 million tons of standard coal,energy consumption reduction from internal symbiosis,,supplementary
W7150845949,other,1591.91,1591.91,million tons freshwater,0,0,,,1591.91 million tons of freshwater,freshwater consumption reduction from internal symbiosis,,supplementary
W7150845949,other,0.33,0.33,efficiency score,0,0,,,water and energy efficiency (+0.33/+0.03),water efficiency score improvement,,supplementary
W7150845949,other,0.03,0.03,efficiency score,0,0,,,water and energy efficiency (+0.33/+0.03),energy efficiency score improvement,,supplementary
W3201804106,energy_utility_reduction_pct,50.0,55.0,%,0,1,corrected,1,a reduction of up to 55% in the consumption of raw water,raw water consumption with wastewater reuse (up to),"55% appears only in the abstract ('up to'); the body (Fig. 11 scheme) states cumulative reuse of 46% of treated effluent, 'thus reducing about 50% of the water intake'. Proposed, not implemented.",supplementary
W3201804106,waste_loss_reduction_pct,46.0,45.0,%,0,1,corrected,1,a 45% reduction in the volume of treated wastewater sent for discharge,volume of treated wastewater discharged,Body: 'By reducing the discharge of 46% of the volume of wastewater' (20% ion-exchange reuse + 20% dilution + 6% sanitary reuse); abstract says 45%. Proposal only.,supplementary
W7151420928,cost_reduction_pct,-49.0,-49.0,%,0,1,not_accessed,0,"increases cost by 59%, 55%, and 39%","cost increase (negative reduction) of integrated blockchain-IoT framework, small/medium/large instances","Abstract reports +59%, +55%, +39% cost for small/medium/large instances; coded -49 is the midpoint of the 39-59 range (mean of the three would be -51), a derived value, not a reported one. Not checked against full text (abstract page only).",supplementary
W7151420928,cost_reduction_pct,-11.0,-11.0,%,0,1,not_accessed,0,compared to 1–21% for IoT-only,cost increase (negative reduction) of IoT-only implementation,Abstract reports a 1-21% cost increase for IoT-only; -11 is the range midpoint (derived). Not checked against full text (abstract page only).,supplementary
W7151420928,cost_reduction_pct,-31.285,-31.285,%,0,1,not_accessed,0,24–38.57% for blockchain-only implementations,cost increase (negative reduction) of blockchain-only implementation,Abstract reports a 24-38.57% cost increase for blockchain-only; -31.285 is the range midpoint (derived). Not checked against full text (abstract page only).,supplementary
W7138115481,energy_utility_reduction_pct,9.1,36.0,%,0,1,corrected,1,energy savings of up to 36%,refrigeration energy savings with model predictive controller (up to),36% appears only in the abstract ('up to'); the body states the MPC yields 'energy savings between 5 and 20%' (citing Beca 2026) and reports one documented plant example of 9.1% of compressor+condenser fan electricity; no 36% case is shown.,supplementary
W7204989758,cost_reduction_pct,31.25,31.25,%,0,1,confirmed,0,"Total monthly inventory costs dropped by 31.25% (from IDR 4,800,000 to IDR 3,300,000)",total monthly inventory costs,"Body: total inventory cost declined by 31.25% (IDR 4.8m to 3.3m per month), paired t-test t(5)=4.32, p<0.05.",supplementary
W7204989758,cost_reduction_pct,27.27,27.27,%,0,1,confirmed,0,a 27.27% reduction in holding costs,holding costs,Holding-cost figure stated in abstract of full article; body text only says reductions in both holding and ordering costs (tables not machine-readable).,supplementary
W7204989758,cost_reduction_pct,35.71,35.71,%,0,1,confirmed,0,a 35.71% decrease in ordering costs,ordering costs,Ordering-cost figure stated in abstract of full article; body text confirms reduction without repeating the number.,supplementary
W7204989758,other,80.0,80.0,% reduction in stockouts,0,0,confirmed,0,an 80% reduction in stockout occurrences from 5 times to just 1 time per month,stockout occurrences per month,"Stockouts reduced by 80% (5 to 1 per month); ordering frequency also fell 50%, inventory turnover rose 60%.",supplementary
W7204989758,time_reduction_pct,99.5,99.5,%,0,1,confirmed,0,reducing raw material procurement decision-making time by over 99.5%,procurement decision-making time per order (over 99.5%),Decision time from 2.0 h to <0.01 h (~30 s) per order; measured system latency.,supplementary
W7207563522,cost_reduction_pct,10.0,10.0,%,0,1,not_accessed,0,reduces total SC cost by 8–12%,total supply chain cost,Full text not accessed.,supplementary
W7207563522,energy_utility_reduction_pct,22.5,22.5,%,0,1,not_accessed,0,water use and emissions by 20–25%,water use (and emissions),Full text not accessed.,supplementary
W7207563522,waste_loss_reduction_pct,30.0,30.0,%,0,1,not_accessed,0,waste by over 30%,supply chain waste (over 30%),Full text not accessed.,supplementary
W4389443826,cost_reduction_pct,48.0,48.0,%,0,1,confirmed,0,"significant reductions in functional unit's (FU) costs of 48%, 38%, 54%, and 44%, respectively, compared to the current citrus SC","FU cost (1 kg citrus) reduction, centralized linear SC vs current SC","Centralized linear SC vs current SC, cradle-to-grave FU (1 kg) cost. Full text: proposed (modelled) Jordanian citrus SC vs current SC (current total cost USD 0.57/kg); values assume solar-powered collection points/hubs, without solar FU costs rise 18.4-23.5% but remain below current SC.",main
W4389443826,cost_reduction_pct,38.0,38.0,%,0,1,confirmed,1,"significant reductions in functional unit's (FU) costs of 48%, 38%, 54%, and 44%, respectively, compared to the current citrus SC","FU cost reduction, centralized linear SC with 33% labor income increase vs current SC","Same design under scenario of 33% higher worker income (sensitivity scenario). Full text: proposed (modelled) Jordanian citrus SC vs current SC (current total cost USD 0.57/kg); values assume solar-powered collection points/hubs, without solar FU costs rise 18.4-23.5% but remain below current SC.",main
W4389443826,cost_reduction_pct,54.0,54.0,%,0,1,confirmed,0,"significant reductions in functional unit's (FU) costs of 48%, 38%, 54%, and 44%, respectively, compared to the current citrus SC","FU cost reduction, centralized closed-loop SC vs current SC","Centralized closed-loop SC (citrus loss/waste returned as compost) vs current SC. Full text: proposed (modelled) Jordanian citrus SC vs current SC (current total cost USD 0.57/kg); values assume solar-powered collection points/hubs, without solar FU costs rise 18.4-23.5% but remain below current SC.",main
W4389443826,cost_reduction_pct,44.0,44.0,%,0,1,confirmed,1,"significant reductions in functional unit's (FU) costs of 48%, 38%, 54%, and 44%, respectively, compared to the current citrus SC","FU cost reduction, centralized closed-loop SC with 33% labor income increase vs current SC","Closed-loop SC under scenario of 33% higher worker income. Full text: proposed (modelled) Jordanian citrus SC vs current SC (current total cost USD 0.57/kg); values assume solar-powered collection points/hubs, without solar FU costs rise 18.4-23.5% but remain below current SC.",main
W4391885618,energy_utility_reduction_pct,42.0,42.0,%,0,1,confirmed,0,an impressive 42% reduction in water consumption compared to traditional linear models,"water consumption reduction, circular vs linear citrus supply chain","Full text: circular SC reduces water consumption by 42% vs linear model, attributed to water treatment at crate recycling centres; modelled on numerical example, not observed; metric is water, not energy.",main
W4391885618,cost_reduction_pct,1.0,1.0,%,0,1,confirmed,0,a nearly 1% decrease in total costs compared to its linear counterparts,"total cost reduction, circular vs linear supply chain (nearly 1%)",Full text: nearly 1% lower total cost of circular vs linear network; modelled result from test problems.,main
W4412672806,other,0.436,0.436,DEA efficiency score,0,0,not_accessed,0,average production efficiency scores of 0.436 (dry),"average production efficiency, dry-method eco-feed plants","Not checked against full text; ScienceDirect preview (abstract, highlights, section snippets) repeats this value.",supplementary
W4412672806,other,0.491,0.491,DEA efficiency score,0,0,not_accessed,0,0.491 (liquid),"average production efficiency, liquid-method eco-feed plants","Not checked against full text; ScienceDirect preview (abstract, highlights, section snippets) repeats this value.",supplementary
W4412672806,other,0.469,0.469,DEA efficiency score,0,0,not_accessed,0,0.469 (fermentation),"average production efficiency, fermentation-method eco-feed plants","Not checked against full text; ScienceDirect preview (abstract, highlights, section snippets) repeats this value.",supplementary
W4412672806,other,4.0,4.0,billion JPY per year,0,0,not_accessed,1,potential annual economic savings were estimated to be 4 billion JPY,sales increase potential (annual economic savings) from improving plant inefficiencies,"Preview: 'sales increase potential' if inefficiencies were removed, i.e. a potential (frontier) value, not an observed saving. Not checked against full text; ScienceDirect preview (abstract, highlights, section snippets) repeats this value.",supplementary
W4415740903,other,10.0,10.0,times faster,0,0,,,up to 10 times faster than manual methods,grading speed of YOLO-based system vs manual grading (up to),,main
W4413737997,time_reduction_pct,70.0,70.0,%,0,1,confirmed,0,reduced overall extraction time by 70%,extraction time reduction with ultrasound-microwave-assisted extraction,Full text: UMAE reduced overall extraction time by 70% (p < 0.001); lab scale.,main
W4413737997,energy_utility_reduction_pct,38.84,38.84,%,0,1,confirmed,0,energy usage by 38.84%,energy usage reduction with ultrasound-microwave-assisted extraction,"Full text: energy usage reduced by 38.84%, measured with a digital energy meter (kJ) at lab scale; no cost figures.",main
W7165142418,energy_utility_reduction_pct,90.0,92.5,%,0,1,corrected,0,external heating and cooling requirements decreased by approximately 90–95%,"external heating and cooling utility demand reduction, heat-integrated vs non-integrated biorefinery","Full text (LCI section) separates the effects: approx. 90-95% reduction in cooling demand but only 14% in heating demand vs the non-integrated case; 92.5% applies to cooling only, not combined heating and cooling. value_ft gives the lower bound of the cooling range; heating reduction = 14%.",supplementary
