id,doi,title,source,search,author_countries
W7133791058,10.1080/27525783.2026.2633468,A digital twin simulation framework for assessing the impact of autonomous vehicles on agri-food supply chain performance: a case study,Digital Twin,main,CA
W7164450925,,Configuring a Circular Economy-based Reverse Logistics Network for the Agri-food Industry based on the Agility and Resilience Dimensions,DOAJ (DOAJ: Directory of Open Access Journals),main,
W7217743681,,A Review on Artificial Intelligence Integration in Food Processing Supply Chains: Framework for Sustainable Development,Public Health - Open Journal,main,
W7162123396,10.5937/wbjae2501001a,Circular economy in sustainable agri-food system: Challenges and opportunities for Romania,Western Balkan Journal of Agricultural Economics and Rural Development,main,RO
W4412453784,10.36096/ijbes.v7i3.781,Digitalisation: a transformational approach for productivity improvement in the food industry in South Africa,International Journal of Business Ecosystem and Strategy (2687-2293),main,ZA
W7166562526,10.46592/turkager.1893836,The future of food processing efficiency: Leveraging AI to predict and prevent machine failures in agro-food industries,Turkish Journal of Agricultural Engineering Research,main,NG
W7199631631,,THE ROLE OF DIGITAL TRANSFORMATION IN ENHANCING INNOVATION WITHIN SMES IN FOOD INDUSTRY,Nazarbayev University Repository (Nazarbayev University),main,
W7161923247,,Artificial Leadership AND Operational Efficiency OF Fast Food Firms in Awka Metropolis,Neliti,main,
W4410504791,10.53894/ijirss.v8i3.7171,Impact of digital transformation on business performance: Empirical evidence from Vietnam listed food manufacturing enterprises,International Journal of Innovative Research and Scientific Studies,main,
W4410256797,10.70838/pemj.370308,"Exploring the Influence of Social Media Adoption on Firm Performance of the Food Industry in Cotabato Province, Philippines",Psychology and Education A Multidisciplinary Journal,main,
W4407486385,10.70382/mejaimr.v7i2.022,"EXPLORING INVENTORY DIGITALISATION AND PRODUCT DELIVERY IN SELECTED FOOD MANUFACTURING FIRMS IN ILORIN, KWARA STATE, NIGERIA",International Journal of African Innovation and Multidisciplinary Research,main,NG
W2951201843,10.22161/ijaers.6.6.26,Cost Reduction in Soybean Production Through Automation of the Water Capture System Using the M2M Communication Protocol,International Journal of Advanced Engineering Research and Science,main,BR
W4239649094,10.35940/ijitee.l1126.10812s219,Opportunities and Challenges for Implementing Automation among Selected SMEs of Food Manufacturing Industry,International Journal of Innovative Technology and Exploring Engineering,main,
W2789929229,10.19026/ajfst.13.5160,Influence of Pulsed Electric Field Pretreatment on Vacuum Freeze-dried Apples and Process Parameter Optimization,Advance Journal of Food Science and Technology,main,CN
W7216678079,,Enhancing Business Profitability and Sustainability through Digitalized Supply Chain Elements,Policy Journal of Social Science Review,main,
W7214517144,10.12688/f1000research.189729.1,Determinants of Digital Marketing Adoption and MSME Performance in Indonesia’s Halal Food Sector,F1000Research,main,ID;MY
W7162221487,,"Inventory optimization in the food industry: A review of LIFO, FIFO and emerging technologies",Dialnet (Universidad de la Rioja),main,PE
W2490604400,10.21847/1728-9343.2016.3(143).74827,Information support of marketing in the food industry,Skhid,main,
W2893509073,10.5281/zenodo.10036135,Real-Time Data Collection to Improve Energy Efficiency in Food Manufacturing,Lincoln Repository (University of Lincoln),main,GB
W4406300880,10.58812/wsis.v2i12.1521,Analysis of the Impact of Process Automation and Human Resource Management on Production Completion Time and Product Quality in the Fast Food Industry in West Java,West Science Interdisciplinary Studies,main,ID
W4411768832,10.69930/jsi.v2i3.381,Artificial Intelligence in Food Marketing: Comparing Traditional Advertising Techniques with AI-Driven Strategies,Journal of Scientific Insights,main,ID
W7112737985,,Integrating forecasting and inventory decisions using machine learning,Lirias,main,
W2935761878,,An evaluation of the impact of strategic information systems on the competitiveness of the food manufacturing industry in Zimbabwe,University of Zimbabwe Institutional Repository (University of Zimbabwe),main,
W4409145685,10.22213/2413-1172-2025-1-46-58,Optimization of Robotic Beverage Bottling Lines Based on Mathematical Modeling and Process Efficiency Analysis,Vestnik IzhGTU imeni M T Kalashnikova,main,RU
W4413975500,10.46783/smart-scm/2025-32-2,Information and Procedural Support for Sales Management in the Segment of Profitable Organic Product Brands,Electronic Scientific Journal Intellectualization of Logistics and Supply Chain Management #1 2020,main,
W4410793374,10.70764/gdpu-jbc.2025.1(1)-03,The Role of Blockchain Technology in Addressing Business Fraud,Journal of Business Crime,main,
W4412917362,10.52710/cfs.721,AI and Blockchain in Critical Food Supply Infrastructure: Cybersecurity Threats and Solutions,Computer Fraud & Security,main,
W4412366976,10.54117/ijet.v1i2.19,"Integrating Data Simulation, Machine Learning, and Mathematical Modeling for Predicting Critical Operational Parameters and Evaluating Overall Equipment Effectiveness in Food Production",IPS Journal of Engineering and Technology,main,NG
W4415223395,10.1016/j.bcra.2025.100405,Blockchain-Powered Traceability in the Wine Industry: Enhancing Transparency and Consumer Trust,Blockchain Research and Applications,main,NO
W4211236026,10.35679/2226-0226-2021-11-8-2492-2502,ISSUES OF AUTOMATION OF PROJECT MANAGEMENT AT THE ENTERPRISE (BASED ON MATERIALS OF MAKHACHKALINSKII GORMOLZAVOD JSC),Scientific Review Theory and Practice,main,
W7215704595,10.55824/0cmdjb05,"Application of Science and Technology to Improve Productivity, Quality, and Marketing of Mocaf Bolen in Semarang City",Society Jurnal Pengabdian Masyarakat,main,
W4411823308,10.37680/amalee.v6i1.6814,"Effect of Technology Introduction on Opak Productivity in Kebumen Village, Tersono District, Batang Regency",Amalee Indonesian Journal of Community Research and Engagement,main,ID
W4400143825,10.61707/qty1gn15,Digitalization of Solutions to Improve the Performance of MSMEs in Pekanbaru City,International Journal of Religion,main,ID
W4413066260,10.28983/asj.y2025i6pp124-133,Increasing labor productivity by using an automated knowledge and skills monitoring system based on training technologies,The Agrarian Scientific Journal,main,RU
W4404510039,10.35313/ijem.v4i2.5579,Digital Literacy Mediation In Balikpapan Micro And Small Industries' Business Performance,Indonesian Journal of Economics and Management,main,ID
W7218306707,,การบรณาการ IOT บลอกเชน และ AI เพอเพมความสามารถในการตรวจสอบยอนกลบและสมรรถนะ การปฏบตการในหวงโซอปทานอาหาร: การทบทวนวรรณกรรมอยางเปนระบบ และการวเคราะหตามกรอบ TOE ในประเทศไทย,Journal of SciTech-ASEAN,main,
W4405769631,10.71143/6m3z1250,Sorting Machine for Fruits and Vegetables for Agricultural Advancements using IoT,International Journal of Research and Review in Applied Science Humanities and Technology,main,
W7216344930,10.53762/grjnst.04.04.01,AI Capability and Performance: The Strategic Roles of Cyber Risk Management Firm and Knowledge Management Systems in Pakistan Halal Foods,Global Research Journal of Natural Science and Technology,main,
W7214908526,10.1108/msar-09-2025-0341,Harnessing big data and AI for competitive and sustainable performance: the mediating role of supply chain innovation in emerging economies,Management & Sustainability An Arab Review,main,GB;JO
W4412379864,10.15294/joct.v2i2.29251,Energy Transformation in the Dairy Industry Towards Process Efficiency and Environmental Impact Reduction,Journal of Clean Technology,main,ID
W7218163969,,Development of a Smart Mechanized Kuih Ros Production System with Integrated Yield Monitoring and Process Optimization,International Research Journal of Advanced Engineering and Technology,main,
W7216850371,,"Upcycling fruit and vegetable peels into high-value functional food products: Physicochemical characterization, nutritional profiling, and consumer acceptability of novel culinary and nutraceutical ingredients",Cultura,main,
W4411747764,10.52783/eel.v15i2.3366,"Tech-Driven Transformation of street food in Delhi NCR: Innovation in hygiene, ordering and payment system",European Economic Letters (EEL),main,
W7128926414,10.21608/jes.2026.427463.2150,EVALUATION OF WASTE MANAGEMENT FOR SELECT FOOD PRODUCTS FROM ECONOMIC AND ENVIRONMENTAL PERSPECTIVE,Journal of Environmental Science,main,
W7218178114,,AI-DRIVEN FARM-TO-TABLE SUPPLY CHAIN OPTIMIZATION: A CASE STUDY OF REDUCING FOOD WASTE,Journal of Entomology and Agronomy Studies,main,
W7155512225,10.17485/ijst/v19i15.231,Automated Salted Egg Production: An Arduino-Based System for Optimized Salting and Temperature Control,Indian Journal of Science and Technology,main,PH
W4415839669,10.12928/si.v23i2.330,Karakuri Kaizen Design to Reduce Work Time at the Packing Station,SPEKTRUM INDUSTRI,main,
W4393067679,10.46254/in03.20230032,Application of Genetic Algorithms to Optimize Distribution in Food Transport Companies: A Systematic Literature Review,,main,PE
W3011312182,,ENERGY AND MATERIAL RECOVERY FROM ZEBU BONES FOR THE PRODUCTION OF DISTILLATION GAS: ALTERNATIVE FUEL AND ACTIVATED CARBON BY DRY DISTILLATION.,,main,MG
W4414413433,10.9734/ajess/2025/v51i102474,"Leveraging Excel-based Business Intelligence for Micro-enterprise Growth: The Case Study of Brother’s Wagon Street Food Stall in Kolhapur, Maharashtra, India",Asian Journal of Education and Social Studies,main,
W4410728761,10.5861/ijrse.2025.25502,"Adaptation of technology-based services and service quality of fast-food businesses in San Jose, Occidental Mindoro",International Journal of Research Studies in Education,main,
W4408155411,10.36887/2415-8453-2025-1-18,Simulation modeling of the system and mechanism of risk management of economic activities of food production,Ukrainian Journal of Applied Economics and Technology,main,
W4294699759,10.25181/jofsa.v6i1.2454,Keunggulan Bersaing UMKM Industri Pangan di Bandar Lampung,Journal of Food System & Agribusiness,main,
W4411770189,10.30872/jinv.v20i2.1770,MSME Business Growth in Indonesia: is the Indonesian Standard Quick Response Code (QRIS) a Major Factor?,INOVASI,main,ID
W4410097145,10.31548/dopovidi/1.2025.44,Automated OptiMix-360 system for continuous dough mixing: Technical solutions and efficiency,Naukovì dopovìdì Nacìonalʹnogo unìversitetu bìoresursiv ì prirodokoristuvannâ Ukraïni,main,UA
W4414259101,10.14419/b9w7t018,Optimization of Food Supply Chain Management Using Machine Learning,International Journal of Basic and Applied Sciences,supplementary,US
W4409305358,10.59214/ekon.apk/1.2025.5,Innovative continuous dough kneading system: Improving the efficiency of food production using the example of papadam,FOREIGN AFFAIRS,supplementary,
W7154829341,10.22437/jiituj.v10i1.52850,BLOCKCHAIN TRANSPARENCY AS A DIGITAL GOVERNANCE MECHANISM: EVIDENCE FROM PRICE TRANSMISSION AND VALUE DISTRIBUTION IN AGRIBUSINESS SUPPLY CHAINS,Jurnal Ilmiah Ilmu Terapan Universitas Jambi|JIITUJ|,supplementary,ID
W4412417954,10.30574/ijsra.2025.16.1.2102,Blockchain-enabled solutions for enhancing supply chain transparency and traceability,International Journal of Science and Research Archive,supplementary,
W4407485691,10.70382/mejedir.v7i4.021,AN EVALUATION OF INDUSTRY 4.0 TECHNOLOGIES AND RESOURCE MANAGEMENT IN NIGERIAN FOOD MANUFACTURING FIRMS,International Journal of Earth Design and Innovation Research,supplementary,NG
W7168249353,10.1007/s43555-026-00092-0,"Artificial Intelligence in the Food Sector: A Review of Techniques, Applications, and Barriers to Realization",Current Food Science and Technology Reports,supplementary,IN
W4407865947,10.32520/stmsi.v14i1.4955,Designing a Barcode System to Optimize Food Product Production and Distribution Management,SISTEMASI,supplementary,ID
W4400655795,10.5958/2349-4433.2024.00069.5,Role of artificial intelligence in the processing of Paddy (Oryza sativa),Journal of Krishi Vigyan,supplementary,
W4365802450,10.25198/2077-7175-2023-1-10,Efficiency of digital transition in industry: Russian experience,Intellect Innovations Investments,supplementary,RU
W4387233374,10.33395/sinkron.v8i4.12953,Automatic OEE Data Collection and Alert System for Food Industry,SinkrOn,supplementary,ID
W7103877632,10.5281/zenodo.17509878,ADVANCED FOREIGN EXPERIENCE IN IMPROVING MANAGEMENT EFFICIENCY IN FOOD INDUSTRY ENTERPRISES,Journal of Agriculture & Horticulture,supplementary,
W4409798079,10.1007/s42943-025-00115-y,Challenges and Technological Constraints in India’s Food Supply Chain Management: A Sustainability Perspective,International Journal of Global Business and Competitiveness,supplementary,
W4408834978,10.47172/2965-730x.sdgsreview.v5.n04.pe06107,Digital Twin for Maintenance and Smart Manufacturing: The Mediating Role of Replacement Maintenance in the Saudi Industrial Sector,Journal of Lifestyle and SDGs Review,supplementary,
W4413221112,10.58806/ijirme.2025.v4i8n05,The Effect of Digitalization on Food Sector Smes' Competitiveness and Product Quality in Attracting Global Markets,International Journal of Innovative Research in Multidisciplinary Education,supplementary,ID
W7115812730,,What Predicts the Technical Efficiency in Malaysia’s Food Processing Industry?,Universiti Utara Malaysia Institutional Repository (Universiti Utara Malaysia),supplementary,MY
W3213589148,10.46754/jbsd.2021.09.003,MEASURING THE TECHNICAL EFFICIENCY OF FOOD MANUFACTURING INDUSTRY IN MALAYSIA,Journal of Business and Social Development,supplementary,MY
W3093541072,,Evaluation of green total factor productivity of China's food industry based on DEA-Malmquist method.,Dalian Qinggongye Xueyuan xuebao,supplementary,
