step,n
openalex_records,1310
scopus_records,1025
wos_records,710
duplicates_removed,1284
scopus_no_resolvable_doi,32
records_screened,1729
excluded_title_only,241
excluded_title_outcome,139
excluded_title_setting,87
excluded_title_technology,10
excluded_title_offtopic,4
excluded_title_type,1
sought_abstract_assessment,1488
abstract_not_retrievable,1
assessed_title_abstract,1487
excluded_abstract,1211
excluded_abstract_outcome,585
excluded_abstract_setting,316
excluded_abstract_technology,123
excluded_abstract_type,110
excluded_abstract_offtopic,77
included_first_pass,276
excluded_second_pass,15
excluded_not_scopus_indexed,55
included_final,206
double_coded_records,476
double_coded_agreement,447
double_coded_kappa,0.877
scopus_no_doi_title_duplicates,9
scopus_no_doi_screened_in_update,23
supp_openalex_records,2056
supp_scopus_records,1924
supp_wos_records,1526
supp_duplicates_removed,2755
supp_records_screened,2774
supp_excluded_title_only,513
supp_excluded_title_outcome,372
supp_excluded_title_setting,69
supp_excluded_title_technology,32
supp_excluded_title_offtopic,36
supp_excluded_title_type,4
supp_sought_abstract,2261
supp_abstract_not_retrievable_not_indexed,3
supp_assessed_title_abstract,2258
supp_excluded_abstract,2126
supp_excluded_abstract_outcome,1396
supp_excluded_abstract_technology,282
supp_excluded_abstract_setting,238
supp_excluded_abstract_type,130
supp_excluded_abstract_offtopic,80
supp_included_first_pass,132
supp_excluded_second_pass,13
supp_excluded_not_indexed,14
supp_included_final,105
included_total,309
sampled_exclusions_checked,400
sampled_exclusions_flagged,0
ft_sought,146
ft_accessed,114
ft_design_changed,9
ft_values_corrected,28
ft_values_confirmed,179
ft_values_not_found,15
disagreements_total,51
disagreements_included_by_third_assessment,23
supp_double_coded_records,332
supp_double_coded_agreement,310
supp_double_coded_kappa,0.858
all_double_coded_records,808
all_double_coded_agreement,757
all_double_coded_kappa,0.874
ft_summary_values_checked,154
ft_summary_values_corrected,17
ft_summary_values_not_found,12
summary_values_total,207
excluded_full_text_check,2
excluded_full_text_main,1
excluded_full_text_supp,1
