set,metric,n,median,q1,q3,min,max,modelled,observed,by_tech
"Primary (abstract values, full-text corrections applied)",Energy/utility use reduction (%),30,32.8,18.0,62.0,5.8,90.0,21,5,T2:10 (5.8-81.4); T3:3 (23.0-62.0); T6:11 (11.2-72.2); T7:6 (22.5-90.0)
"Primary (abstract values, full-text corrections applied)",Cost reduction (%),31,30.0,12.9,58.2,-31.3,98.7,23,3,T1:1 (20.0-20.0); T2:6 (8.0-69.5); T3:3 (10.5-83.0); T4:3 (-31.3-28.0); T5:2 (18.0-31.2); T6:1 (53.0-53.0); T7:15 (1.0-98.7)
"Primary (abstract values, full-text corrections applied)",Waste/loss reduction (%),16,37.1,16.0,52.5,-3.0,92.9,12,1,T1:2 (11.7-92.9); T2:5 (15.0-55.0); T3:1 (47.5-47.5); T4:2 (-3.0-85.0); T6:1 (40.0-40.0); T7:5 (7.4-60.0)
"Primary (abstract values, full-text corrections applied)",Process time reduction (%),19,42.0,25.1,70.0,20.0,99.5,11,5,T1:1 (24.1-24.1); T2:2 (25.0-77.0); T3:5 (24.4-63.0); T4:2 (36.2-41.2); T5:1 (99.5-99.5); T6:8 (20.0-90.0)
"Primary (abstract values, full-text corrections applied)",Throughput/productivity gain (%),16,27.5,18.6,48.8,5.0,900.0,11,3,T1:8 (12.5-900.0); T2:2 (13.0-22.0); T4:3 (5.0-42.1); T5:1 (25.0-25.0); T7:2 (30.0-98.8)
"Primary (abstract values, full-text corrections applied)",Yield/recovery gain (%),10,33.2,10.7,94.6,3.1,1200.0,8,1,T1:1 (33.3-33.3); T2:2 (3.1-12.0); T6:2 (5.0-33.0); T7:5 (10.7-1200.0)
"Primary (abstract values, full-text corrections applied)",Profit/revenue gain (%),8,21.0,12.8,165.8,11.0,334.6,4,1,T2:3 (14.0-64.3); T4:1 (334.6-334.6); T5:1 (27.0-27.0); T7:3 (11.0-267.2)
"Primary (abstract values, full-text corrections applied)",Return on investment (%),9,43.9,20.4,102.5,13.5,785.2,8,1,T4:1 (160.8-160.8); T7:8 (13.5-785.2)
"Primary (abstract values, full-text corrections applied)",Internal rate of return (%),11,18.3,12.7,31.8,2.0,45.5,9,0,T7:11 (2.0-45.5)
"Primary (abstract values, full-text corrections applied)",Payback period (years),22,4.1,2.0,6.0,0.1,8.0,20,0,T1:1 (0.3-0.3); T3:1 (0.1-0.1); T6:3 (1.0-5.0); T7:17 (0.7-8.0)
Verified in full text only (confirmed or corrected),Energy/utility use reduction (%),24,32.8,17.8,56.0,5.8,90.0,17,5,T2:9 (5.8-81.4); T3:3 (23.0-62.0); T6:8 (11.2-72.2); T7:4 (42.0-90.0)
Verified in full text only (confirmed or corrected),Cost reduction (%),21,31.2,18.1,69.8,1.0,98.7,15,3,T2:4 (8.0-69.5); T3:2 (45.4-83.0); T4:2 (14.3-28.0); T5:2 (18.0-31.2); T7:11 (1.0-98.7)
Verified in full text only (confirmed or corrected),Waste/loss reduction (%),10,43.0,15.0,55.0,-3.0,92.9,7,1,T1:2 (11.7-92.9); T2:3 (15.0-55.0); T4:2 (-3.0-85.0); T6:1 (40.0-40.0); T7:2 (46.0-50.0)
Verified in full text only (confirmed or corrected),Process time reduction (%),13,42.0,33.2,71.8,20.0,99.5,9,4,T2:1 (77.0-77.0); T3:4 (24.4-63.0); T4:2 (36.2-41.2); T5:1 (99.5-99.5); T6:5 (20.0-83.3)
Verified in full text only (confirmed or corrected),Throughput/productivity gain (%),11,37.5,22.5,88.0,12.5,900.0,7,2,T1:6 (12.5-900.0); T4:2 (21.4-42.1); T5:1 (25.0-25.0); T7:2 (30.0-98.8)
Verified in full text only (confirmed or corrected),Yield/recovery gain (%),7,33.0,11.0,56.9,3.1,1200.0,5,1,T1:1 (33.3-33.3); T2:2 (3.1-12.0); T6:1 (33.0-33.0); T7:3 (10.7-1200.0)
Verified in full text only (confirmed or corrected),Profit/revenue gain (%),5,64.3,23.1,284.1,11.5,334.6,2,1,T2:1 (64.3-64.3); T4:1 (334.6-334.6); T5:1 (27.0-27.0); T7:2 (11.5-267.2)
Verified in full text only (confirmed or corrected),Return on investment (%),5,83.0,61.8,316.9,22.2,785.2,4,1,T4:1 (160.8-160.8); T7:4 (22.2-785.2)
Verified in full text only (confirmed or corrected),Internal rate of return (%),7,14.4,7.5,23.3,2.0,37.1,5,0,T7:7 (2.0-37.1)
Verified in full text only (confirmed or corrected),Payback period (years),13,2.3,0.9,5.9,0.1,8.0,12,0,T1:1 (0.3-0.3); T3:1 (0.1-0.1); T6:1 (1.0-1.0); T7:10 (0.7-8.0)
Excluding best-case / scenario values,Energy/utility use reduction (%),22,22.8,17.0,40.0,5.8,90.0,15,4,T2:7 (5.8-29.0); T3:3 (23.0-62.0); T6:8 (11.2-65.0); T7:4 (22.5-90.0)
Excluding best-case / scenario values,Cost reduction (%),23,28.0,10.1,45.5,-31.3,94.8,17,2,T2:5 (8.0-30.0); T3:2 (10.5-45.4); T4:3 (-31.3-28.0); T5:1 (31.2-31.2); T6:1 (53.0-53.0); T7:11 (1.0-94.8)
Excluding best-case / scenario values,Waste/loss reduction (%),12,40.9,18.5,57.5,7.4,92.9,8,1,T1:2 (11.7-92.9); T2:4 (17.0-55.0); T3:1 (47.5-47.5); T4:1 (85.0-85.0); T7:4 (7.4-60.0)
Excluding best-case / scenario values,Process time reduction (%),15,37.0,24.1,59.5,10.0,99.5,9,5,T1:1 (24.1-24.1); T2:2 (25.0-77.0); T3:4 (24.4-63.0); T4:2 (36.2-41.2); T5:1 (99.5-99.5); T6:5 (10.0-70.0)
Excluding best-case / scenario values,Throughput/productivity gain (%),9,22.0,20.0,45.4,13.0,900.0,6,2,T1:5 (15.7-900.0); T2:2 (13.0-22.0); T4:2 (21.4-42.1)
Excluding best-case / scenario values,Yield/recovery gain (%),8,22.7,7.8,100.0,3.1,1200.0,6,1,T1:1 (33.3-33.3); T2:2 (3.1-12.0); T6:1 (5.0-5.0); T7:4 (10.7-1200.0)
Excluding best-case / scenario values,Profit/revenue gain (%),6,21.0,14.0,64.3,11.5,267.2,2,1,T2:3 (14.0-64.3); T5:1 (27.0-27.0); T7:2 (11.5-267.2)
Excluding best-case / scenario values,Return on investment (%),8,59.4,30.4,121.9,13.5,785.2,7,1,T4:1 (160.8-160.8); T7:7 (13.5-785.2)
Excluding best-case / scenario values,Internal rate of return (%),6,29.5,23.8,37.1,5.7,45.5,6,0,T7:6 (5.7-45.5)
Excluding best-case / scenario values,Payback period (years),17,4.0,2.0,5.3,0.1,8.0,15,0,T3:1 (0.1-0.1); T6:2 (3.0-5.0); T7:14 (0.7-8.0)
Main search only,Energy/utility use reduction (%),14,39.4,25.0,65.5,13.5,72.2,11,0,T2:2 (13.5-29.0); T3:3 (23.0-62.0); T6:6 (18.0-72.2); T7:3 (42.0-72.0)
Main search only,Cost reduction (%),20,35.0,14.2,64.8,1.0,90.0,15,2,T2:4 (8.0-69.5); T3:3 (10.5-83.0); T5:1 (18.0-18.0); T6:1 (53.0-53.0); T7:11 (1.0-90.0)
Main search only,Waste/loss reduction (%),8,48.8,24.6,57.5,7.4,92.9,6,0,T1:1 (92.9-92.9); T2:3 (15.0-55.0); T3:1 (47.5-47.5); T7:3 (7.4-60.0)
Main search only,Process time reduction (%),9,49.0,40.8,70.0,24.4,83.3,8,0,T3:5 (24.4-63.0); T6:4 (46.6-83.3)
Main search only,Throughput/productivity gain (%),8,42.7,23.3,156.9,13.0,900.0,5,1,T1:4 (21.6-900.0); T2:1 (13.0-13.0); T5:1 (25.0-25.0); T7:2 (30.0-98.8)
Main search only,Yield/recovery gain (%),9,33.0,9.3,72.3,3.1,1200.0,7,1,T1:1 (33.3-33.3); T2:2 (3.1-12.0); T6:2 (5.0-33.0); T7:4 (10.7-1200.0)
Main search only,Profit/revenue gain (%),6,39.2,11.5,267.2,11.0,334.6,4,1,T2:2 (14.0-64.3); T4:1 (334.6-334.6); T7:3 (11.0-267.2)
Main search only,Return on investment (%),8,41.9,18.5,79.0,13.5,785.2,8,0,T7:8 (13.5-785.2)
Main search only,Internal rate of return (%),9,25.0,11.0,34.8,2.0,45.5,7,0,T7:9 (2.0-45.5)
Main search only,Payback period (years),20,4.2,2.0,6.0,0.1,8.0,18,0,T3:1 (0.1-0.1); T6:3 (1.0-5.0); T7:16 (0.7-8.0)
Abstract values without full-text corrections (v1 method),Energy/utility use reduction (%),30,36.2,18.5,62.0,6.9,92.5,21,5,T2:10 (6.9-81.4); T3:3 (23.0-62.0); T6:11 (12.5-72.2); T7:6 (22.5-92.5)
Abstract values without full-text corrections (v1 method),Cost reduction (%),31,30.0,12.9,58.2,-31.3,98.7,23,3,T1:1 (20.0-20.0); T2:6 (8.0-69.5); T3:3 (10.5-83.0); T4:3 (-31.3-28.0); T5:2 (18.0-31.2); T6:1 (53.0-53.0); T7:15 (1.0-98.7)
Abstract values without full-text corrections (v1 method),Waste/loss reduction (%),16,37.1,16.0,52.5,3.0,92.9,12,1,T1:2 (11.7-92.9); T2:5 (15.0-55.0); T3:1 (47.5-47.5); T4:2 (3.0-85.0); T6:1 (40.0-40.0); T7:5 (7.4-60.0)
Abstract values without full-text corrections (v1 method),Process time reduction (%),19,42.0,25.1,70.0,20.0,99.5,11,5,T1:1 (24.1-24.1); T2:2 (25.0-77.0); T3:5 (24.4-63.0); T4:2 (36.2-41.2); T5:1 (99.5-99.5); T6:8 (20.0-90.0)
Abstract values without full-text corrections (v1 method),Throughput/productivity gain (%),16,27.5,18.6,48.8,5.0,900.0,11,3,T1:8 (7.8-900.0); T2:2 (13.0-22.0); T4:3 (5.0-42.1); T5:1 (25.0-25.0); T7:2 (30.0-98.8)
Abstract values without full-text corrections (v1 method),Yield/recovery gain (%),10,33.2,10.7,94.6,3.1,1400.0,8,1,T1:1 (33.3-33.3); T2:2 (3.1-12.0); T6:2 (5.0-33.0); T7:5 (10.7-1400.0)
Abstract values without full-text corrections (v1 method),Profit/revenue gain (%),8,21.0,12.8,49.0,11.0,267.2,4,1,T2:3 (14.0-64.3); T4:1 (33.6-33.6); T5:1 (27.0-27.0); T7:3 (11.0-267.2)
Abstract values without full-text corrections (v1 method),Return on investment (%),9,43.9,20.4,102.5,13.5,785.2,8,1,T4:1 (160.8-160.8); T7:8 (13.5-785.2)
Abstract values without full-text corrections (v1 method),Internal rate of return (%),11,18.3,10.7,31.8,2.0,45.5,9,0,T7:11 (2.0-45.5)
Abstract values without full-text corrections (v1 method),Payback period (years),22,4.1,2.0,6.0,0.2,8.0,20,0,T1:1 (1.0-1.0); T3:1 (0.2-0.2); T6:3 (1.0-5.0); T7:17 (0.7-8.0)
