id,tech,channels,design,note,reference
W7130393564,T4,P3;P4;P5,TEA,"Blockchain traceability with contracts yields Pareto profit gains, thresholds apply","Chen, S., Yao, J. (2026). Digital Traceability and Contract Coordination for Sustainable Agri-Food Supply Chains. Sustainability, 18(4), 2066. https://doi.org/10.3390/su18042066"
W4416834039,T7,P3;P5,TEA,"Olive pomace extraction most profitable; composting struggles with profitability","Polonio, D. M., Granado‐Díaz, R., Gómez-Limón, J. A., Villanueva, A. J. (2025). Sustainability Assessment of Circular Strategies in the Agri‐Food Industry: The Case of Olive Mills' By‐Product Valorization. Business Strategy and the Environment, 35(4), 4641–4658. https://doi.org/10.1002/bse.70371"
W7110976642,T7,P3;P5,TEA,"Vitrimers from agri-food residues have high MPSP, limited competitiveness","Parmiggiani, F., Tassinari, G., Soregaroli, C., Spigno, G., Bassani, A. (2025). Economic Feasibility Assessment of Bio-Based Vitrimers from Agrifood Residues: a Step Toward Sustainable Circular Economy. Chemical engineering transactions. https://doi.org/10.3303/cet25118032"
W4411156249,T4,P2;P4;P5,C,"Digital traceability: premium positioning, variable cost cuts, fixed costs unchanged","Lai, M. B., Vergamini, D., Brunori, G. (2025). Food Supply Chain: A Framework for the Governance of Digital Traceability. Foods, 14(12), 2032. https://doi.org/10.3390/foods14122032"
W4409359682,T7,P3;P5,TEA,"Gasification cogeneration from agri-food residues; ICE faster ROI, price-sensitive","Anvari, S., Aguado, R., Vera, D., Jurado, F., Rosen, M. A. (2025). Sustainability of gasification-based cogeneration with agri-food residues and heat recovery technologies: Techno-economic and life cycle analyses. Energy, 325, 136106. https://doi.org/10.1016/j.energy.2025.136106"
W4413354448,T4,P5,TEA,"Blockchain plus green tech profitable via e-commerce only below cost threshold","Zhang, Y., Shang, J. (2025). Green technology investment and channel selection in sustainable food supply chain based on blockchain technology. Frontiers in Sustainable Food Systems, 9. https://doi.org/10.3389/fsufs.2025.1638313"
W4312186819,T7,P3;P5,TEA,"Biomethane upgrade of veg-waste biogas plant profitable only with diet change, subsidy.","Bentivoglio, D., Chiaraluce, G., Finco, A. (2022). Economic assessment for vegetable waste valorization through the biogas-biomethane chain in Italy with a circular economy approach. Frontiers in Sustainable Food Systems, 6, 1035357. https://doi.org/10.3389/fsufs.2022.1035357"
W4361286242,T7,P3;P5,TEA,"Small-scale AD of fruit by-product profitable only via CHP, not biomethane","Sganzerla, W. G., da Rosa, R. G., Barroso, T. L. C. T., Castro, L. E. N., Forster-Carneiro, T. (2023). Techno-Economic Assessment of On-Site Production of Biomethane, Bioenergy, and Fertilizer from Small-Scale Anaerobic Digestion of Jabuticaba By-Product. Methane, 2(2), 113–128. https://doi.org/10.3390/methane2020009"
W4416806686,T2,P4,S,"Traceability and analytics technologies show limited impact on cold chain performance","Tariq, H., Ali, M. H. (2026). Reducing food loss and waste within cold food supply chains – empirical evidence from developing economies. British Food Journal, 128(4), 1535–1554. https://doi.org/10.1108/bfj-01-2025-0096"
W7127622360,T7,P3,TEA,"On-site captured CO2 neutralization: cost parity with acid, cheaper than commercial CO2","Atencia, M. G., Pujol, J., Fernandez-Garcia, J., Olmos, R. G. (2026). Integration of adsorption-based carbon capture with alkaline wastewater neutralization: Pilot-scale techno-economic and environmental assessment. Carbon Capture Science & Technology, 18, 100582. https://doi.org/10.1016/j.ccst.2026.100582"
W4408734154,T7,P3;P5,TEA,"Chokeberry pomace biorefinery scenarios unprofitable at all scales; anaerobic digestion greener","Agraso-Otero, A., Rebolledo-Leiva, R., Entrena-Barbero, E., González-García, S. (2025). Integrated process design, techno-economic and environmental analysis of chokeberry pomace biorefineries: Phenolic compounds extraction with ethanol or energy production? Environmental Technology & Innovation, 38, 104165. https://doi.org/10.1016/j.eti.2025.104165"
W4404624676,T7,P1;P3,TEA,"DSGE: circular technologies cut production costs; productivity gains fade long term","Moustabchir, A., Ouakil, H., Ouazzani, H. E. (2024). Modeling the circular economy in food production: insights from a dynamic stochastic general equilibrium analysis. Scientific African, 26, e02479. https://doi.org/10.1016/j.sciaf.2024.e02479"
W7115729744,T4,P2;P4;P5,TEA,"Differential game: digital traceability raises processor profit, often lowers supplier profit.","Zhang, J., Li, C. (2025). Food safety and its digital traceability strategies: a supplier-processor profit distribution perspective. Frontiers in Sustainable Food Systems, 9, 1707114. https://doi.org/10.3389/fsufs.2025.1707114"
W3207470853,T6,P3;P5,R,"Green oil extraction methods trade off yield, environmental and economic performance","Lavenburg, V. M., Rosentrater, K. A., Jung, S. M. (2021). Extraction Methods of Oils and Phytochemicals from Seeds and Their Environmental and Economic Impacts. Processes, 9(10), 1839. https://doi.org/10.3390/pr9101839"
W4366828985,T6,P1;P3,TEA,"MAE faster and higher yield; UAE uses less energy for by-product valorisation","Bouchez, A., Vauchel, P., Périno, S., Dimitrov, K. (2023). Multi-Criteria Optimization including Environmental Impacts of a Microwave-Assisted Extraction of Polyphenols and Comparison with an Ultrasound-Assisted Extraction Process. Foods, 12(9), 1750. https://doi.org/10.3390/foods12091750"
W4407293890,T7,P3;P5,TEA,"Heat recovery in food-waste dryer economically justified only under certain energy price ratios.","Wallin, E., Fornell, R., Räftegård, O., Walfridson, T., Benson, J. (2020). Design and Integration of Heat Recovery in Combination with Solar and Biomass-based Heating in a Drying Plant. Chemical engineering transactions. https://doi.org/10.3303/cet2081232"
W7162527118,T5,P2;P5,S,"Smart food safety systems boost economic performance only with enabling CSFs","Duong, A. T. B., Ngo, V. M., Nguyen, H., Krolas, P., Hoang, T. G., Truong, H. Q. (2026). Integrating smart food safety systems with enterprise information management for net-zero goals. Journal of Enterprise Information Management. Advance online publication. https://doi.org/10.1108/jeim-08-2025-0691"
W7125515485,T7,P3;P5,R,"Whey-based L-threonine cheaper than glucose route but above market price","Vélez, S. P., Velásquez, Y. N. C., Henao, C. P. S., Blandón, J. F. V. (2026). Whey as an Environmental Issue and Its Possible Solutions: Its Utilization as Culture Medium to Produce L‐Threonine Through E. coli in a Bioreactor. Biochemistry Research International, 2026(1), 3996383. https://doi.org/10.1155/bri/3996383"
W2519629066,T7,P5,TEA,"Wine lees refinery profitability depends on scale and extract price.","Dimou, C. M., Vlysidis, A. A., Kopsahelis, N., Papanikolaou, S., Koutinas, A., Kookos, I. K. (2016). Techno-economic evaluation of wine lees refining for the production of value-added products. Biochemical Engineering Journal, 116, 157–165. https://doi.org/10.1016/j.bej.2016.09.004"
W4399712587,T4,P2;P5,TEA,"Blockchain lowers contamination risk; retailer profit gain not guaranteed.","Ma, D., Zhang, K., Shao, W., Hu, J. (2024). Considering the cascade threat in the food supply chain for the retailer’s “blockchain & contamination prevention effort” strategic deployment. Expert Systems with Applications, 255, 124517. https://doi.org/10.1016/j.eswa.2024.124517"
W4372344107,T4,P5,TEA,"Blockchain raises organic producers' profit, lowers conventional profit.","Manteghi, Y., Arkat, J., Mahmoodi, A. (2023). The competition between conventional and organic food production in the presence of the blockchain technology. Trends in Food Science & Technology, 136, 282–294. https://doi.org/10.1016/j.tifs.2023.05.003"
W4292745434,T4,P5,TEA,"Blockchain profitable for imported fresh food only under certain conditions.","Liu, S., Hua, G., Kang, Y., Cheng, T. C. E., Xu, Y. (2022). What value does blockchain bring to the imported fresh food supply chain? Transportation Research Part E: Logistics and Transportation Review, 165, 102859. https://doi.org/10.1016/j.tre.2022.102859"
W4391998971,T4,P2;P5,TEA,"Blockchain recall support profitable only under specific conditions.","Ma, D., Li, K., Qin, H., Hu, J. (2024). Impacts of blockchain technology on food supply chains with potential food contamination. Electronic Commerce Research and Applications, 64, 101375. https://doi.org/10.1016/j.elerap.2024.101375"
W3000674702,T6,P3,TEA,"HPP costlier than thermal pasteurisation but cheaper than MAP.","Cacace, F., Bottani, E., Rizzi, A., Vignali, G. (2020). Evaluation of the economic and environmental sustainability of high pressure processing of foods. Innovative Food Science & Emerging Technologies, 60, 102281. https://doi.org/10.1016/j.ifset.2019.102281"
W4413293942,T7,P5,TEA,"Antioxidant and bioenergy lines profitable; protein extraction not feasible.","Solarte‐Toro, J. C., Ortiz‐Sanchez, M., Alzate, C. A. C., Gutiérrez, L. (2025). Boosting Sacha Inchi valorization through the biorefinery concept in Colombia: Techno-economic assessment. Food and Bioproducts Processing, 153, 560–573. https://doi.org/10.1016/j.fbp.2025.08.006"
W4417246977,T7,P5,TEA,"Tomato pomace biorefinery not profitable under current conditions.","Agraso-Otero, A., Rebolledo-Leiva, R., González-García, S. (2025). Uncovering the environmental and economic feasibility of an integral tomato-based biorefinery for obtaining pectin and seed oil. Food and Bioproducts Processing, 155, 167–178. https://doi.org/10.1016/j.fbp.2025.12.011"
W4412423179,T7,P3;P5,TEA,"Packaging-recycling pathway optimisation shows cost-GHG-circularity trade-offs.","Munoz-Briones, P. A., Munguía-López, A. d. C., Sánchez‐Rivera, K. L., Avraamidou, S. (2025). Integrated decision-making approach for the simultaneous design of food packaging and waste management technologies to achieve a Circular Economy. Computers & Chemical Engineering, 202, 109269. https://doi.org/10.1016/j.compchemeng.2025.109269"
W7162695130,T7,P3;P5,TEA,"Food-waste PHA photobiorefinery profitable but less cost-competitive than alternatives","Stavropoulou, Z., Misailidis, N., Parisis, V., Petrides, D. M., Georgiadis, M. C. (2026). Techno-economic analysis of a photobiorefinery for the production of polyhydroxyalkanoates from food waste. Bioresource Technology Reports, 34, 102843. https://doi.org/10.1016/j.biteb.2026.102843"
W7162862396,T8,P3;P5,TEA,"Fermentative gamma-decalactone economics constrained; competitive only under favourable scenarios.","Carballido, A., Coelho, E., Arias, A., Oliveira, J. M., Feijóo, G., Domingues, L., Moreira, M. T. (2026). De novo gamma-decalactone bioproduction from Ashbya gossypii: Process design, techno-economic evaluation and environmental assessment. Bioresource Technology, 458, 135029. https://doi.org/10.1016/j.biortech.2026.135029"
W2954888906,T7,P3;P5,TEA,"Microwave pectin extraction not yet better than wholesale sale; may become viable","Stone, J., Garcia‐Garcia, G., Rahimifard, S. (2019). Development of a pragmatic framework to help food and drink manufacturers select the most sustainable food waste valorisation strategy. Journal of Environmental Management, 247, 425–438. https://doi.org/10.1016/j.jenvman.2019.06.037"
W4411042563,T5,P4;P5,TEA,"Digital adoption pays only when returns exceed costs; subsidies above threshold help","He, J., Chen, S., Zong, C. (2025). Digital input decision-making in fresh agricultural supply chains under government subsidies. Frontiers in Sustainable Food Systems, 9, 1602960. https://doi.org/10.3389/fsufs.2025.1602960"
WOS:001041646200001,T7,P3;P5,R,"Potato-peel biorefinery reviewed as profitable with IRR above 10%","Almeida, P. V., Gando-Ferreira, L. M., Quina, M. J. (2023). Biorefinery perspective for industrial potato peel management: technology readiness level and economic assessment. Journal Of Environmental Chemical Engineering, 11(3), 110049. https://doi.org/10.1016/j.jece.2023.110049"
WOS:000522492700113,T8,P3;P5,TEA,"Solar heat for food plants saves energy but LCOE exceeds current tariffs","Ratner, S., Gomonov, K., Revinova, S., Lazanyuk, I. (2020). Energy Saving Potential of Industrial Solar Collectors in Southern Regions of Russia: The Case of Krasnodar Region. Energies, 13(4), 885. https://doi.org/10.3390/en13040885"
W2973087445,T4,P4;P5,TEA,"Ethereum traceability costs small for actors, minimal consumer price impact, higher downstream.","Longo, F., Nicoletti, L., Padovano, A. (2019). Estimating the Impact of Blockchain Adoption in the Food Processing Industry and Supply Chain. International Journal of Food Engineering, 16(5-6). https://doi.org/10.1515/ijfe-2019-0109"
W1574322861,T6,P3,R,"MF and UV need less specific energy than HTST; PEF and HPP higher.","Rodríguez-González, O., Buckow, R., Koutchma, T., Balasubramaniam, V. (2015). Energy Requirements for Alternative Food Processing Technologies—Principles, Assumptions, and Evaluation of Efficiency. Comprehensive Reviews in Food Science and Food Safety, 14(5), 536–554. https://doi.org/10.1111/1541-4337.12142"
W7212381015,T2,P3;P4,R,"IoT monitoring and AI inventory management best evidenced for food loss reduction.","Pérez-García, E., Alfheeaid, H. A., Velázquez, E. S., Raposo, A., Jaber, J. R., Ramírez, A. S., Saraiva, A., BinMowyna, M. N., Carrascosa, C. (2026). Digitalization pathways for food loss and waste prevention in agri-food supply chains: Current evidence, challenges and future directions. Trends in Food Science & Technology, 178, 106084. https://doi.org/10.1016/j.tifs.2026.106084"
W2898817743,T7,P3;P4,TEA,"Biogas from agri-food waste: feedstock supply dominates LCOE; proximity to processing plant key","Muradin, M., Joachimiak-Lechman, K., Foltynowicz, Z. (2018). Evaluation of Eco-Efficiency of Two Alternative Agricultural Biogas Plants. Applied Sciences, 8(11), 2083. https://doi.org/10.3390/app8112083"
W4367599043,T4,P4;P5,TEA,"Game model: blockchain raises prices/demand; investment optimal only under conditions","Feng, Z., Jin, P., Li, G. (2023). Investment Decision of Blockchain Technology in Fresh Food Supply Chains Considering Misreporting Behavior. Sustainability, 15(9), 7421. https://doi.org/10.3390/su15097421"
W4400918174,T4,P4,C,"Blockchain raises supply-chain transaction efficiency only with stakeholder engagement and trust","Casati, M., Soregaroli, C., Frizzi, G. L., Stranieri, S. (2024). Impacts of blockchain technology in agrifood: exploring the interplay between transactions and firms’ strategic resources. Supply Chain Management An International Journal, 29(7), 51–70. https://doi.org/10.1108/scm-09-2023-0443"
W4411491428,T6,P3;P5,TEA,"Non-thermal orange juice processing: slightly higher selling price, comparable or lower carbon","Yang, M., Wang, Q. (2025). Carbon footprint and cost analysis of non-thermal food processing technologies: a review with a case study on orange juice. Frontiers in Sustainable Food Systems, 9. https://doi.org/10.3389/fsufs.2025.1585467"
W2991533643,T6,P3;P5,TEA,"Novel pasteurisation more energy efficient but costlier given grid electricity prices","Atuonwu, J. C., Leadley, C. E., Bosman, A., Tassou, S. (2019). High‐pressure processing, microwave, ohmic, and conventional thermal pasteurization: Quality aspects and energy economics. Journal of Food Process Engineering, 43(2). https://doi.org/10.1111/jfpe.13328"
W4412084408,T6,P3,TEA,"PEF cuts mango peeling loss more than blanching; not for peppers","Assaf, N., Siclari, C., Dhenge, R. V., Ganino, T., Chiavaro, E., Rinaldi, M. (2025). Application of pulsed electric field to promote peelability on peponids and drupes: Understanding the effects on cells and the physical properties of fruits. Innovative Food Science & Emerging Technologies, 104, 104111. https://doi.org/10.1016/j.ifset.2025.104111"
W7155170670,T5,P3;P4,R,"Digital technologies reduce food waste via monitoring, optimisation, inventory","Kroupová, Z. Ž., Trnková, G., Roman, M. (2026). Transforming food industry and supply chain through digital innovation to reduce food waste: a systematic review. Renewable Agriculture and Food Systems, 41. https://doi.org/10.1017/s1742170526100398"
W3186165649,T8,P5,E,"Only R&D investment raises food start-up performance; patents, scientists not","Matricano, D., Candelo, E., Sorrentino, M. (2022). Start-ups' innovation processes and performance in the food industry: a stochastic frontier analysis. British Food Journal, 124(3), 936–950. https://doi.org/10.1108/bfj-10-2020-0944"
W3155544292,T8,P1,E,"Successful new products raise dairy processors' technical efficiency; patents, launches no effect","Frick, F., Jantke, C., Sauer, J. (2021). Firm-level innovation and efficiency in the food sector: Insights from a literature-based innovation output indicator. Applied Economics, 53(43), 5000–5017. https://doi.org/10.1080/00036846.2021.1912699"
W7125817242,T4,P4,R,"Blockchain improves coffee chain coordination only in specific contexts","Ruggieri, R., Dioguardi, C., Silvestri, L., Ruggeri, M., D’Ascenzo, F. (2026). Blockchain and Coffee Supply Chain: Implications for Traceability, Efficiency, and Sustainability: A Systematic Literature Review. Sustainability, 18(3), 1290. https://doi.org/10.3390/su18031290"
W4416852158,T4,P3;P4,TEA,"System dynamics: blockchain-IoT cuts fresh food inventory losses, raises availability","Kurniawan, M., Suparno, S., Vanany, I. (2025). Halal Supply Chain Traceability and Food Safety Model Based on Blockchain Technology and the Internet of Things Using a System Dynamics Approach. Jordan Journal of Mechanical and Industrial Engineering, 19(04), 775–784. https://doi.org/10.59038/jjmie/190407"
W7151420928,T4,P3;P4;P5,TEA,"Blockchain-IoT raises costs but cuts emissions and increases brand value","Bhunia, S., Das, S. K., Wu, C. H., Yu, V. F., Roy, S. K. (2026). Robust optimization of sustainable omnichannel closed-loop food supply chain network: Integrating blockchain, IoT, and biofuel production. International Journal of Production Economics, 298, 110020. https://doi.org/10.1016/j.ijpe.2026.110020"
W4390667027,T7,P3;P5,TEA,"System dynamics: reduction/redistribution outperform AD, composting, incineration on triple bottom line.","Parsa, A. R. G., Wiel, M. J. V. D., Schmutz, U., Taylor, I. W., Fried, J. (2024). Balancing people, planet, and profit in urban food waste management. Sustainable Production and Consumption, 45, 203–215. https://doi.org/10.1016/j.spc.2024.01.003"
